By Year,TEAM,GP,MIN,PTSÂ OFFÂ TO,2ndÂ PTS,FBPs,PITP,Opp,Opp.1,Opp.2,Opp.3,BLK,BLKA,PF,PFD,player_name,player_id
2024-25,HOU,36,31.4,2.6,3.7,0.7,13.4,9.5,8.6,7.8,30.1,0.9,1.3,2.8,5.2,Alperen Sengun,55
2023-24,HOU,63,32.5,2.8,3.2,1.0,14.7,9.3,9.2,7.3,31.8,0.7,1.2,3.3,5.2,Alperen Sengun,55
2022-23,HOU,75,28.9,1.6,2.6,0.7,11.0,11.9,8.1,11.4,29.6,0.9,0.8,3.4,4.4,Alperen Sengun,55
2021-22,HOU,72,20.7,1.3,1.9,0.5,6.0,9.4,6.5,7.6,23.4,0.9,0.6,3.0,3.3,Alperen Sengun,55
2024-25,GSW,32,29.0,2.5,2.2,2.2,6.6,10.5,7.8,9.3,26.7,0.8,1.1,1.8,2.6,Andrew Wiggins,76
2023-24,GSW,71,27.0,1.4,1.6,1.4,6.1,10.4,8.3,8.4,28.2,0.6,0.6,2.1,2.3,Andrew Wiggins,76
2022-23,GSW,37,32.2,3.1,2.1,2.0,6.8,11.5,8.9,9.4,32.9,0.8,0.6,2.9,2.2,Andrew Wiggins,76
2021-22,GSW,73,31.9,2.4,1.9,1.8,6.9,10.8,8.4,8.3,29.5,0.7,0.6,2.2,2.9,Andrew Wiggins,76
2020-21,GSW,71,33.3,2.9,2.2,2.3,8.1,12.2,9.7,9.6,31.9,1.0,0.6,2.2,3.0,Andrew Wiggins,76
2019-20,TOT,54,34.4,3.1,1.6,1.6,10.4,13.5,9.5,10.0,34.5,1.0,1.0,2.4,3.9,Andrew Wiggins,76
2019-20,GSW,12,33.6,3.8,1.2,3.4,9.3,14.8,10.1,12.3,34.8,1.4,0.9,2.2,4.3,Andrew Wiggins,76
2019-20,MIN,42,34.7,3.0,1.8,1.1,10.7,13.2,9.3,9.3,34.4,0.9,1.1,2.4,3.8,Andrew Wiggins,76
2018-19,MIN,73,34.8,2.4,1.7,1.9,7.4,11.1,11.1,9.8,35.4,0.7,1.2,2.1,3.1,Andrew Wiggins,76
2017-18,MIN,82,36.3,2.8,1.9,1.8,8.2,11.1,9.7,9.9,33.8,0.6,0.8,2.0,2.9,Andrew Wiggins,76
2016-17,MIN,82,37.2,3.3,2.5,2.7,9.3,13.5,10.0,10.9,35.5,0.4,1.2,2.2,4.8,Andrew Wiggins,76
2015-16,MIN,81,35.1,3.4,2.3,2.6,9.4,12.3,9.5,9.9,33.6,0.6,1.1,2.0,4.9,Andrew Wiggins,76
2014-15,MIN,82,36.2,3.3,2.4,2.2,7.8,13.1,11.6,10.9,36.0,0.6,0.8,2.3,4.6,Andrew Wiggins,76
2024-25,POR,32,31.9,2.0,1.6,1.5,5.7,12.8,9.9,12.1,30.7,0.1,1.2,2.0,2.2,Anfernee Simons,58
2023-24,POR,46,34.4,3.1,1.0,3.0,7.0,14.0,9.8,12.1,39.2,0.1,1.1,2.1,2.8,Anfernee Simons,58
2022-23,POR,62,35.0,3.1,1.6,2.3,6.1,12.0,9.8,10.3,38.2,0.2,0.7,2.3,2.1,Anfernee Simons,58
2021-22,POR,57,29.5,2.4,1.1,1.5,4.0,9.4,7.6,8.3,28.8,0.1,0.6,1.9,1.7,Anfernee Simons,58
2020-21,POR,64,17.3,0.6,0.4,0.7,1.0,4.6,5.7,4.4,16.3,0.1,0.3,1.5,0.6,Anfernee Simons,58
2019-20,POR,70,20.7,1.2,0.5,1.1,2.7,6.9,6.6,6.3,20.6,0.1,0.5,1.9,1.2,Anfernee Simons,58
2018-19,POR,20,7.0,0.5,0.3,0.5,1.2,4.1,2.5,2.4,7.9,0.0,0.2,0.5,0.5,Anfernee Simons,58
2024-25,LAL,31,34.7,4.2,3.5,2.3,14.8,12.0,11.4,12.1,37.0,2.0,0.9,1.9,5.9,Anthony Davis,10
2023-24,LAL,76,35.5,3.6,4.5,1.9,15.7,12.0,10.6,11.6,36.4,2.3,1.1,2.3,5.4,Anthony Davis,10
2022-23,LAL,56,34.0,3.3,5.1,1.8,15.8,11.4,8.9,11.3,35.6,2.0,1.0,2.6,5.9,Anthony Davis,10
2021-22,LAL,40,35.1,3.7,3.4,2.2,14.3,13.4,9.0,11.6,36.6,2.3,0.5,2.4,5.1,Anthony Davis,10
2020-21,LAL,36,32.3,2.8,2.5,1.8,11.7,10.6,7.1,8.8,32.4,1.6,0.7,1.7,4.9,Anthony Davis,10
2019-20,LAL,62,34.4,4.1,3.4,3.2,12.6,12.8,8.3,12.6,33.0,2.3,0.7,2.5,6.5,Anthony Davis,10
2018-19,NOP,56,33.0,4.4,4.8,2.8,14.3,11.7,8.7,10.6,33.8,2.4,0.7,2.4,6.6,Anthony Davis,10
2017-18,NOP,75,36.4,4.2,4.5,3.6,15.4,12.2,10.6,10.9,34.8,2.6,0.6,2.1,7.4,Anthony Davis,10
2016-17,NOP,75,36.1,3.5,3.8,2.2,12.9,12.0,8.8,9.6,31.9,2.2,0.7,2.2,6.9,Anthony Davis,10
2015-16,NOP,61,35.5,3.3,3.2,2.2,11.0,10.7,8.4,9.0,31.7,2.0,0.9,2.4,5.9,Anthony Davis,10
2014-15,NOP,68,36.1,3.6,3.6,2.6,12.0,10.6,9.2,9.7,34.7,2.9,0.8,2.1,5.5,Anthony Davis,10
2013-14,NOP,67,35.2,3.6,4.1,2.9,11.2,11.6,9.7,9.4,32.5,2.8,1.0,3.0,5.4,Anthony Davis,10
2012-13,NOH,64,28.8,2.6,3.0,1.7,8.9,10.6,7.4,8.6,26.8,1.8,0.7,2.5,3.2,Anthony Davis,10
2024-25,LAL,31,34.7,4.2,3.5,2.3,14.8,12.0,11.4,12.1,37.0,2.0,0.9,1.9,5.9,Anthony Edwards,16
2023-24,LAL,76,35.5,3.6,4.5,1.9,15.7,12.0,10.6,11.6,36.4,2.3,1.1,2.3,5.4,Anthony Edwards,16
2022-23,LAL,56,34.0,3.3,5.1,1.8,15.8,11.4,8.9,11.3,35.6,2.0,1.0,2.6,5.9,Anthony Edwards,16
2021-22,LAL,40,35.1,3.7,3.4,2.2,14.3,13.4,9.0,11.6,36.6,2.3,0.5,2.4,5.1,Anthony Edwards,16
2020-21,LAL,36,32.3,2.8,2.5,1.8,11.7,10.6,7.1,8.8,32.4,1.6,0.7,1.7,4.9,Anthony Edwards,16
2019-20,LAL,62,34.4,4.1,3.4,3.2,12.6,12.8,8.3,12.6,33.0,2.3,0.7,2.5,6.5,Anthony Edwards,16
2018-19,NOP,56,33.0,4.4,4.8,2.8,14.3,11.7,8.7,10.6,33.8,2.4,0.7,2.4,6.6,Anthony Edwards,16
2017-18,NOP,75,36.4,4.2,4.5,3.6,15.4,12.2,10.6,10.9,34.8,2.6,0.6,2.1,7.4,Anthony Edwards,16
2016-17,NOP,75,36.1,3.5,3.8,2.2,12.9,12.0,8.8,9.6,31.9,2.2,0.7,2.2,6.9,Anthony Edwards,16
2015-16,NOP,61,35.5,3.3,3.2,2.2,11.0,10.7,8.4,9.0,31.7,2.0,0.9,2.4,5.9,Anthony Edwards,16
2014-15,NOP,68,36.1,3.6,3.6,2.6,12.0,10.6,9.2,9.7,34.7,2.9,0.8,2.1,5.5,Anthony Edwards,16
2013-14,NOP,67,35.2,3.6,4.1,2.9,11.2,11.6,9.7,9.4,32.5,2.8,1.0,3.0,5.4,Anthony Edwards,16
2012-13,NOH,64,28.8,2.6,3.0,1.7,8.9,10.6,7.4,8.6,26.8,1.8,0.7,2.5,3.2,Anthony Edwards,16
2024-25,LAL,31,34.8,2.0,1.5,2.4,6.3,12.1,11.2,13.0,38.3,0.1,0.5,2.1,4.2,Austin Reaves,61
2023-24,LAL,82,32.1,1.9,0.8,2.3,6.2,11.1,9.4,10.9,34.0,0.3,0.6,1.9,3.0,Austin Reaves,61
2022-23,LAL,64,28.8,1.9,1.1,2.3,4.7,10.1,8.3,9.3,31.1,0.3,0.3,1.7,3.7,Austin Reaves,61
2021-22,LAL,61,23.2,1.5,0.6,1.0,2.7,7.1,6.2,7.1,24.1,0.3,0.2,1.4,2.2,Austin Reaves,61
2024-25,MIA,35,34.4,1.9,2.3,0.6,9.5,10.5,8.8,9.6,33.3,0.8,0.7,2.1,4.0,Bam Adebayo,79
2023-24,MIA,71,34.0,2.5,2.6,1.6,12.7,10.5,9.5,9.4,31.9,0.9,0.6,2.2,4.8,Bam Adebayo,79
2022-23,MIA,75,34.6,3.3,2.4,2.0,14.6,10.6,8.3,8.6,32.9,0.8,0.7,2.8,4.8,Bam Adebayo,79
2021-22,MIA,56,32.6,3.0,2.5,2.2,13.0,10.4,7.5,7.9,28.0,0.8,0.7,3.1,5.4,Bam Adebayo,79
2020-21,MIA,64,33.5,2.8,2.5,1.2,11.9,11.6,8.0,7.2,29.1,1.0,0.6,2.3,5.3,Bam Adebayo,79
2019-20,MIA,72,33.6,1.9,2.2,1.0,11.6,11.7,8.4,7.4,30.2,1.3,0.8,2.5,4.5,Bam Adebayo,79
2018-19,MIA,82,23.3,1.5,2.0,0.9,6.4,8.3,6.2,5.5,20.3,0.8,0.4,2.5,2.8,Bam Adebayo,79
2017-18,MIA,69,19.8,0.8,1.4,0.5,4.7,6.9,4.6,4.4,17.7,0.6,0.4,2.0,2.5,Bam Adebayo,79
2024-25,IND,37,33.0,2.9,1.4,4.1,7.5,11.3,9.5,8.5,33.3,0.4,0.9,2.7,3.1,Bennedict Mathurin,74
2023-24,IND,59,26.1,2.5,1.5,2.3,6.1,9.9,9.0,7.7,33.4,0.2,1.3,2.0,2.8,Bennedict Mathurin,74
2022-23,IND,78,28.5,2.6,1.9,3.6,7.2,11.3,9.3,8.7,32.2,0.2,1.1,2.1,3.9,Bennedict Mathurin,74
2024-25,NOP,18,33.1,2.1,3.7,2.2,7.3,13.6,10.8,15.0,36.3,0.6,1.2,2.5,3.7,Brandon Ingram,31
2023-24,NOP,64,32.9,2.8,1.4,1.6,7.7,10.8,8.7,9.5,32.2,0.6,0.7,2.3,3.8,Brandon Ingram,31
2022-23,NOP,45,34.2,3.7,2.2,2.4,9.3,12.7,9.8,9.4,34.0,0.4,0.8,2.6,4.9,Brandon Ingram,31
2021-22,NOP,55,34.0,3.0,1.6,1.9,6.9,11.0,8.6,7.6,32.5,0.5,0.8,2.2,4.8,Brandon Ingram,31
2020-21,NOP,61,34.3,2.6,2.0,2.0,6.6,12.9,8.8,9.1,33.1,0.6,0.9,2.0,4.2,Brandon Ingram,31
2019-20,NOP,62,33.9,3.1,2.2,3.2,8.2,13.7,9.6,11.8,36.5,0.6,0.8,2.9,5.0,Brandon Ingram,31
2018-19,LAL,52,33.9,2.1,1.4,3.2,10.0,13.1,9.9,12.5,36.2,0.6,1.0,2.9,5.1,Brandon Ingram,31
2017-18,LAL,59,33.5,2.4,1.9,2.5,7.7,13.1,9.4,8.6,33.5,0.7,1.0,2.8,4.0,Brandon Ingram,31
2016-17,LAL,79,28.9,1.7,1.1,1.0,3.9,10.6,8.4,9.7,29.1,0.5,0.6,2.0,2.4,Brandon Ingram,31
2024-25,CHA,25,34.3,2.6,3.4,3.1,6.0,13.3,8.6,9.2,33.3,0.8,0.7,2.7,2.6,Brandon M,37
2023-24,CHA,74,32.2,2.4,1.2,2.6,5.5,11.5,9.5,8.8,36.6,0.6,0.6,2.5,2.6,Brandon M,37
2024-25,DET,29,35.9,3.2,1.8,2.0,10.8,14.8,9.8,12.0,33.7,0.9,1.3,2.8,3.6,Cade Cunningham,24
2023-24,DET,62,33.5,2.4,1.1,1.9,9.2,14.0,9.0,9.5,37.1,0.4,1.5,2.5,3.1,Cade Cunningham,24
2022-23,DET,12,33.3,2.5,1.4,1.2,8.2,12.5,10.8,10.1,40.3,0.6,1.9,2.8,3.1,Cade Cunningham,24
2021-22,DET,64,32.6,2.5,1.3,1.2,8.1,11.4,8.4,6.7,33.2,0.7,1.2,3.1,2.4,Cade Cunningham,24
2024-25,BKN,32,32.6,3.9,1.8,3.2,5.2,13.7,9.8,10.8,32.6,0.4,0.7,1.8,2.8,Cameron Johnson,51
2023-24,BKN,58,27.6,1.9,1.2,2.1,4.0,7.9,8.2,8.7,27.4,0.3,0.6,1.8,1.6,Cameron Johnson,51
2022-23,TOT,42,28.6,2.9,1.9,2.2,4.3,9.2,8.3,8.0,30.0,0.3,0.6,2.0,2.2,Cameron Johnson,51
2022-23,BKN,25,30.8,2.8,2.1,2.3,4.8,9.9,8.2,8.4,33.9,0.3,0.8,2.2,2.6,Cameron Johnson,51
2022-23,PHX,17,25.3,3.1,1.7,2.1,3.5,8.1,8.4,7.5,24.1,0.4,0.4,1.7,1.5,Cameron Johnson,51
2021-22,PHX,66,26.2,2.1,1.3,1.9,3.2,8.6,7.2,5.7,25.1,0.2,0.4,1.7,1.6,Cameron Johnson,51
2020-21,PHX,60,24.0,1.4,1.0,1.6,2.3,6.7,5.3,5.2,22.3,0.3,0.3,1.4,1.2,Cameron Johnson,51
2019-20,PHX,57,22.0,1.6,1.0,1.8,2.0,7.6,5.7,5.7,22.4,0.4,0.3,1.5,1.0,Cameron Johnson,51
2024-25,BKN,18,32.9,3.7,1.3,1.4,6.8,11.7,10.4,11.0,35.2,0.1,1.3,1.9,4.9,Cam Thomas,18
2023-24,BKN,66,31.4,2.2,1.9,2.2,8.0,10.2,9.0,11.2,33.0,0.2,1.2,2.1,4.1,Cam Thomas,18
2022-23,BKN,57,16.6,2.0,0.8,0.9,3.6,5.8,5.3,4.4,17.9,0.1,0.2,1.0,2.2,Cam Thomas,18
2021-22,BKN,67,17.6,1.1,0.8,1.1,3.0,6.1,5.0,4.9,17.8,0.1,0.4,1.0,1.2,Cam Thomas,18
2024-25,OKC,10,26.5,2.9,2.9,1.8,7.4,7.6,7.7,8.7,26.2,2.6,0.6,1.8,3.2,Chet Holmgren,77
2023-24,OKC,82,29.4,2.3,2.3,1.4,8.4,8.2,10.0,7.4,28.3,2.3,0.8,2.4,3.0,Chet Holmgren,77
2024-25,NOP,23,33.7,4.2,1.5,2.7,9.0,13.8,10.9,12.1,37.4,0.5,0.9,2.3,2.7,CJ McCollum,36
2023-24,NOP,66,32.7,3.1,1.7,3.3,5.7,9.9,8.3,9.0,32.1,0.6,0.6,1.9,1.7,CJ McCollum,36
2022-23,NOP,75,35.3,2.2,1.6,2.6,6.9,12.7,9.7,10.6,37.5,0.5,0.8,2.0,2.4,CJ McCollum,36
2021-22,TOT,62,34.6,2.6,1.8,2.6,7.3,11.3,8.9,8.7,33.7,0.4,0.9,2.0,2.6,CJ McCollum,36
2021-22,NOP,26,33.8,2.8,2.1,3.5,8.4,11.2,9.8,8.3,33.6,0.0,1.0,1.7,3.2,CJ McCollum,36
2021-22,POR,36,35.2,2.4,1.6,2.0,6.5,11.4,8.3,9.1,33.8,0.6,0.8,2.1,2.2,CJ McCollum,36
2020-21,POR,47,34.0,2.8,1.7,2.4,6.1,9.1,8.9,9.3,33.0,0.4,0.6,1.9,2.5,CJ McCollum,36
2019-20,POR,70,36.5,2.8,1.2,3.2,7.6,10.6,12.2,11.1,36.6,0.6,0.8,2.6,2.0,CJ McCollum,36
2018-19,POR,70,33.9,2.5,1.8,2.7,7.0,10.4,9.9,9.7,34.1,0.4,0.9,2.5,2.4,CJ McCollum,36
2017-18,POR,81,36.1,2.8,1.6,2.0,7.1,10.6,8.5,8.9,32.1,0.4,1.2,2.1,2.6,CJ McCollum,36
2016-17,POR,80,34.9,2.8,2.0,2.2,6.9,11.0,9.0,8.7,30.7,0.5,1.0,2.5,2.9,CJ McCollum,36
2015-16,POR,80,34.7,3.1,1.5,2.2,6.0,11.5,8.6,8.0,29.2,0.3,1.1,2.3,2.6,CJ McCollum,36
2014-15,POR,62,15.7,1.4,0.5,1.1,2.0,4.9,3.9,4.0,12.8,0.1,0.4,1.3,1.0,CJ McCollum,36
2013-14,POR,38,12.5,0.9,0.8,0.6,1.4,4.5,3.9,3.2,10.9,0.1,0.3,1.4,0.7,CJ McCollum,36
2024-25,CHI,34,32.9,2.8,1.6,3.2,5.4,11.3,8.8,10.7,39.4,0.2,0.8,2.5,3.0,Coby White,59
2023-24,CHI,79,36.5,3.2,1.4,3.1,7.1,11.5,10.4,9.8,34.5,0.2,0.8,2.4,3.7,Coby White,59
2022-23,CHI,74,23.4,1.6,0.6,2.0,3.0,7.6,6.6,6.1,21.9,0.1,0.3,1.6,1.3,Coby White,59
2021-22,CHI,61,27.5,1.8,1.0,1.7,3.8,8.4,7.4,6.6,29.4,0.2,0.4,2.2,1.4,Coby White,59
2020-21,CHI,69,31.2,2.0,1.5,1.8,4.5,11.9,7.3,8.2,31.2,0.2,0.9,2.6,2.2,Coby White,59
2019-20,CHI,65,25.8,2.9,1.2,2.5,4.4,9.0,6.6,7.1,26.8,0.1,0.9,1.8,1.8,Coby White,59
2024-25,UTA,34,28.5,2.3,1.7,2.7,7.9,12.7,7.4,12.9,29.9,0.1,1.1,2.2,3.0,Collin Sexton,67
2023-24,UTA,78,26.6,3.0,2.1,3.3,8.8,10.7,7.4,10.2,28.5,0.2,1.4,2.0,3.8,Collin Sexton,67
2022-23,UTA,48,23.9,2.2,1.1,1.7,7.0,9.8,8.0,9.3,27.8,0.1,1.1,2.3,3.6,Collin Sexton,67
2021-22,CLE,11,28.8,2.9,2.0,3.0,9.1,13.8,7.6,8.9,28.2,0.0,1.5,2.3,3.9,Collin Sexton,67
2020-21,CLE,60,35.3,3.9,2.2,3.1,12.4,13.1,9.0,10.0,36.4,0.2,1.6,2.6,5.6,Collin Sexton,67
2019-20,CLE,65,33.0,2.9,1.9,3.2,10.8,14.2,8.7,10.7,38.8,0.1,1.8,2.2,3.9,Collin Sexton,67
2018-19,CLE,82,31.8,2.3,1.2,2.5,6.2,11.0,8.5,10.0,33.5,0.1,1.2,2.3,3.1,Collin Sexton,67
2024-25,MIL,24,36.3,2.0,1.0,1.9,6.3,13.5,9.0,12.6,36.5,0.2,0.9,1.9,5.2,Damian Lillard,14
2023-24,MIL,73,35.3,2.5,1.5,1.8,6.8,11.1,9.8,10.8,38.2,0.2,1.2,1.8,4.9,Damian Lillard,14
2022-23,POR,58,36.3,3.8,1.8,2.8,8.8,13.0,10.4,11.4,41.4,0.3,0.8,1.9,7.1,Damian Lillard,14
2021-22,POR,29,36.4,2.8,1.7,1.9,6.3,12.4,8.0,10.1,37.9,0.4,0.8,1.3,5.2,Damian Lillard,14
2020-21,POR,67,35.8,3.4,2.0,2.4,7.6,11.2,9.6,10.3,35.5,0.3,1.0,1.5,6.3,Damian Lillard,14
2019-20,POR,66,37.5,3.0,1.2,2.5,8.8,10.9,12.5,11.2,36.5,0.3,1.3,1.7,6.2,Damian Lillard,14
2018-19,POR,80,35.5,3.5,1.8,2.6,7.8,10.6,9.9,10.2,35.5,0.4,1.1,1.9,4.9,Damian Lillard,14
2017-18,POR,73,36.6,3.5,2.0,2.2,7.7,11.3,8.9,8.7,32.7,0.4,1.2,1.6,5.4,Damian Lillard,14
2016-17,POR,75,35.9,3.5,1.6,2.5,8.6,11.3,9.6,9.9,32.6,0.3,1.3,2.0,5.6,Damian Lillard,14
2015-16,POR,75,35.7,2.8,2.1,2.0,7.1,12.2,9.2,8.6,32.5,0.4,1.2,2.2,5.1,Damian Lillard,14
2014-15,POR,82,35.7,2.8,1.5,2.3,7.1,11.3,10.4,10.3,33.0,0.3,0.8,2.0,4.4,Damian Lillard,14
2013-14,POR,82,35.8,3.0,1.7,2.1,5.9,10.9,10.2,10.4,34.3,0.3,1.0,2.4,4.0,Damian Lillard,14
2012-13,POR,82,38.6,3.0,1.5,2.0,5.4,13.8,10.7,11.7,38.2,0.2,1.0,2.1,3.4,Damian Lillard,14
2024-25,CLE,34,30.0,3.6,1.4,2.8,6.8,10.0,8.1,10.6,30.1,0.2,0.6,2.1,2.8,Darius Garland,44
2023-24,CLE,57,33.3,2.4,1.8,2.3,6.7,12.1,9.4,9.5,31.6,0.1,0.8,1.7,2.9,Darius Garland,44
2022-23,CLE,69,35.5,4.0,2.0,2.1,7.8,10.8,8.8,9.5,33.3,0.1,0.8,2.1,4.3,Darius Garland,44
2021-22,CLE,68,35.7,3.1,1.5,1.9,7.8,12.6,9.5,8.6,34.7,0.1,0.8,1.7,3.4,Darius Garland,44
2020-21,CLE,54,33.1,2.6,1.2,1.9,8.0,11.9,7.7,8.7,35.0,0.1,0.7,2.0,2.7,Darius Garland,44
2019-20,CLE,59,30.9,1.7,1.0,1.1,4.0,13.1,8.2,9.7,35.4,0.1,0.6,1.6,1.6,Darius Garland,44
2024-25,SAC,34,37.2,4.2,2.1,3.1,13.0,12.7,10.2,9.2,33.9,0.4,1.0,2.8,4.8,Deaaron Fox,9
2023-24,SAC,74,35.9,4.1,2.3,3.7,11.5,11.6,7.8,9.0,36.2,0.4,0.9,2.6,4.5,Deaaron Fox,9
2022-23,SAC,73,33.4,2.8,1.6,3.3,12.2,11.1,8.4,8.6,37.6,0.3,0.7,2.4,4.7,Deaaron Fox,9
2021-22,SAC,59,35.3,2.6,1.3,2.8,11.7,12.6,10.6,10.1,38.6,0.4,0.8,2.9,4.8,Deaaron Fox,9
2020-21,SAC,58,35.1,3.8,1.4,3.4,12.4,11.9,10.2,8.9,39.4,0.5,1.1,2.9,5.5,Deaaron Fox,9
2019-20,SAC,51,32.0,3.3,1.2,3.5,11.6,10.6,8.0,8.9,31.8,0.5,0.9,2.8,5.5,Deaaron Fox,9
2018-19,SAC,81,31.4,4.0,0.8,4.3,8.3,10.6,9.4,9.8,34.4,0.6,1.0,2.5,4.6,Deaaron Fox,9
2017-18,SAC,73,27.7,1.9,0.6,2.2,5.4,9.5,7.0,7.7,25.2,0.3,0.9,2.2,2.7,Deaaron Fox,9
2024-25,POR,26,30.5,2.3,3.7,0.7,10.8,13.5,8.7,12.9,29.4,1.0,0.4,2.3,1.5,Deandre Ayton,95
2023-24,POR,55,32.4,2.3,3.7,0.9,11.5,13.0,9.0,11.0,36.3,0.8,0.7,2.0,1.4,Deandre Ayton,95
2022-23,PHX,67,30.4,2.8,3.2,0.6,13.2,9.6,8.9,8.7,30.6,0.8,0.6,2.8,2.5,Deandre Ayton,95
2021-22,PHX,58,29.5,2.2,2.3,0.6,13.2,8.5,9.0,7.2,27.3,0.7,0.6,2.4,2.1,Deandre Ayton,95
2020-21,PHX,69,30.6,1.9,3.1,0.8,11.2,10.0,8.3,8.0,30.0,1.2,0.7,2.8,2.4,Deandre Ayton,95
2019-20,PHX,38,32.5,2.8,3.3,1.7,13.5,10.6,8.4,9.3,33.4,1.5,1.0,3.1,2.4,Deandre Ayton,95
2018-19,PHX,71,30.7,2.3,3.3,0.9,11.8,12.6,8.8,10.8,35.0,0.9,0.6,2.9,2.8,Deandre Ayton,95
2024-25,ATL,25,27.9,3.4,1.6,3.2,6.0,12.2,7.6,10.2,28.7,0.1,0.8,2.3,4.2,Deandre Hunter,42
2023-24,ATL,57,29.5,2.1,1.5,1.4,4.6,10.2,8.5,9.9,32.6,0.3,0.5,2.6,3.4,Deandre Hunter,42
2022-23,ATL,67,31.7,2.3,1.4,2.0,5.1,9.9,8.9,10.6,36.6,0.3,0.7,3.0,3.3,Deandre Hunter,42
2021-22,ATL,53,29.8,2.0,0.9,1.4,5.2,9.5,8.2,7.9,29.8,0.4,0.7,2.9,2.9,Deandre Hunter,42
2020-21,ATL,23,29.5,2.0,1.6,1.1,5.6,9.2,8.5,8.1,28.8,0.5,0.3,2.6,3.2,Deandre Hunter,42
2019-20,ATL,63,32.0,1.6,1.3,1.7,4.0,12.7,9.4,10.6,35.9,0.3,0.9,2.9,2.1,Deandre Hunter,42
2024-25,NOP,20,33.7,3.1,1.3,3.0,7.4,14.7,10.2,14.2,38.8,0.5,0.7,2.3,2.4,Dejounte Murray,81
2023-24,ATL,78,35.7,3.0,1.7,2.6,8.8,12.6,10.4,12.5,40.5,0.3,0.9,1.8,2.5,Dejounte Murray,81
2022-23,ATL,74,36.4,3.1,1.1,2.4,8.4,11.2,9.6,11.7,42.1,0.3,0.8,1.4,2.1,Dejounte Murray,81
2021-22,SAS,68,34.8,3.2,1.4,2.9,10.1,10.1,10.2,8.7,36.6,0.3,0.9,2.0,3.3,Dejounte Murray,81
2020-21,SAS,67,31.9,2.3,1.2,2.4,7.2,8.9,8.6,7.4,32.8,0.1,0.8,2.0,2.0,Dejounte Murray,81
2019-20,SAS,66,25.6,1.9,0.8,2.1,5.0,8.1,7.0,7.3,26.3,0.3,0.6,2.2,1.6,Dejounte Murray,81
2017-18,SAS,81,21.5,1.5,1.0,1.5,5.3,6.5,5.0,5.5,18.9,0.4,0.6,1.9,1.8,Dejounte Murray,81
2016-17,SAS,38,8.5,0.7,0.2,0.6,2.1,2.7,2.2,1.6,7.2,0.2,0.2,0.8,0.7,Dejounte Murray,81
2024-25,SAC,32,35.4,2.4,1.6,1.0,6.2,11.7,9.5,9.6,31.7,0.4,0.7,2.1,3.8,Demar Derozan,43
2023-24,CHI,79,37.8,3.2,1.9,0.9,8.6,11.8,10.5,9.9,35.5,0.6,0.9,2.0,5.6,Demar Derozan,43
2022-23,CHI,74,36.2,3.3,1.5,1.1,7.9,11.2,8.6,9.5,34.6,0.5,0.8,2.5,5.4,Demar Derozan,43
2021-22,CHI,76,36.1,3.4,1.7,1.5,9.9,10.8,9.8,8.9,37.3,0.3,1.1,2.3,5.7,Demar Derozan,43
2020-21,SAS,61,33.7,2.7,1.6,1.6,9.2,9.7,9.2,8.9,37.0,0.2,1.0,2.1,5.4,Demar Derozan,43
2019-20,SAS,68,34.1,2.8,1.5,1.9,11.1,10.3,10.3,9.8,34.6,0.3,0.9,2.6,4.9,Demar Derozan,43
2018-19,SAS,77,34.9,2.5,1.4,1.4,10.4,10.2,9.2,10.1,33.5,0.5,1.3,2.3,4.9,Demar Derozan,43
2017-18,TOR,80,33.9,3.6,1.5,2.1,8.6,10.2,9.0,8.9,32.4,0.3,1.0,1.9,4.9,Demar Derozan,43
2016-17,TOR,74,35.4,3.5,1.9,2.5,10.3,11.1,10.1,8.9,31.7,0.2,1.2,1.8,5.5,Demar Derozan,43
2015-16,TOR,78,35.9,3.1,1.4,1.8,9.1,11.1,8.8,8.6,30.5,0.3,1.2,2.1,5.5,Demar Derozan,43
2014-15,TOR,60,35.0,3.3,1.2,2.1,6.7,10.8,9.7,8.8,32.2,0.2,1.2,2.0,4.9,Demar Derozan,43
2013-14,TOR,79,38.2,4.0,1.7,2.1,6.4,12.8,10.5,9.3,34.4,0.4,0.7,2.5,5.7,Demar Derozan,43
2012-13,TOR,82,36.7,3.4,1.4,2.2,6.1,12.3,9.9,9.3,32.2,0.3,1.0,2.1,4.1,Demar Derozan,43
2011-12,TOR,63,35.0,3.2,1.1,2.6,6.2,10.6,8.7,8.3,27.0,0.3,1.1,2.6,3.9,Demar Derozan,43
2010-11,TOR,82,34.8,3.0,1.5,3.3,7.6,12.3,9.5,12.2,35.6,0.4,1.1,2.6,3.7,Demar Derozan,43
2009-10,TOR,77,21.6,1.6,0.9,2.2,4.6,6.8,6.1,8.5,20.9,0.2,0.5,2.3,1.9,Demar Derozan,43
2024-25,TOT,34,31.7,1.8,1.2,1.0,4.5,12.1,8.5,10.9,32.9,0.1,1.1,2.4,3.1,Dennis Smith Jr.,85
2024-25,GSW,11,27.9,0.2,1.0,0.5,2.4,10.2,8.3,9.8,29.5,0.1,1.4,2.4,2.3,Dennis Smith Jr.,85
2024-25,BKN,23,33.6,2.6,1.3,1.3,5.5,13.0,8.7,11.3,34.5,0.2,1.0,2.4,3.5,Dennis Smith Jr.,85
2023-24,TOT,80,31.1,1.8,1.1,1.0,4.8,9.7,9.0,9.3,33.1,0.2,0.8,2.1,2.3,Dennis Smith Jr.,85
2023-24,BKN,29,32.0,1.8,0.9,0.9,5.5,10.6,9.9,10.4,33.7,0.3,0.9,2.0,2.3,Dennis Smith Jr.,85
2023-24,TOR,51,30.6,1.8,1.2,1.0,4.4,9.2,8.5,8.6,32.7,0.2,0.8,2.1,2.3,Dennis Smith Jr.,85
2022-23,LAL,66,30.1,1.2,0.9,1.1,4.3,10.0,8.1,9.8,33.4,0.2,0.7,2.2,2.8,Dennis Smith Jr.,85
2021-22,TOT,64,28.7,2.3,1.2,1.1,5.2,9.0,7.6,6.7,26.7,0.1,0.8,2.4,2.9,Dennis Smith Jr.,85
2021-22,HOU,15,27.0,1.7,1.6,1.6,3.2,10.2,9.1,9.5,30.1,0.2,0.6,2.5,2.0,Dennis Smith Jr.,85
2021-22,BOS,49,29.2,2.5,1.1,1.0,5.8,8.6,7.1,5.9,25.6,0.1,0.9,2.4,3.1,Dennis Smith Jr.,85
2020-21,LAL,61,32.1,1.9,1.1,1.1,6.2,10.8,7.5,8.3,33.6,0.2,1.2,2.6,3.7,Dennis Smith Jr.,85
2019-20,OKC,65,30.8,3.4,1.3,1.7,6.5,10.4,8.2,6.7,30.3,0.2,0.8,2.2,3.1,Dennis Smith Jr.,85
2018-19,OKC,79,29.3,2.2,1.0,2.5,5.9,10.0,7.6,7.7,29.3,0.2,1.0,2.4,2.8,Dennis Smith Jr.,85
2017-18,ATL,67,31.0,3.7,0.9,1.5,8.0,11.8,8.7,8.7,30.1,0.1,1.7,2.2,4.0,Dennis Smith Jr.,85
2016-17,ATL,79,31.5,3.0,1.3,1.8,7.9,11.6,9.3,9.1,26.3,0.2,1.4,1.9,2.9,Dennis Smith Jr.,85
2015-16,ATL,80,20.3,1.9,0.8,1.1,4.5,6.3,5.4,4.4,16.2,0.1,0.9,1.7,2.2,Dennis Smith Jr.,85
2014-15,ATL,77,19.7,1.6,0.8,0.7,4.6,6.8,6.1,4.5,15.3,0.1,1.0,1.6,2.2,Dennis Smith Jr.,85
2013-14,ATL,49,13.1,0.7,0.4,0.6,2.0,5.5,3.6,3.7,11.7,0.0,0.3,1.1,1.2,Dennis Smith Jr.,85
2024-25,BOS,35,34.3,2.2,1.9,1.8,4.1,9.3,9.4,10.5,34.5,1.3,0.5,2.1,2.3,Derrick White,71
2023-24,BOS,73,32.6,1.8,1.6,1.9,4.7,8.5,9.4,8.6,32.5,1.2,0.4,2.1,2.1,Derrick White,71
2022-23,BOS,82,28.3,1.7,1.5,1.4,4.5,8.5,7.5,7.2,28.6,0.9,0.4,2.2,2.5,Derrick White,71
2021-22,TOT,75,29.3,1.6,0.9,1.8,5.2,8.3,8.9,6.7,29.6,0.8,0.4,2.3,3.6,Derrick White,71
2021-22,BOS,26,27.4,1.1,0.5,1.3,4.2,7.5,7.6,6.3,26.8,0.6,0.4,2.2,3.2,Derrick White,71
2021-22,SAS,49,30.3,1.9,1.1,2.0,5.8,8.7,9.6,6.9,31.1,0.9,0.4,2.4,3.8,Derrick White,71
2020-21,SAS,36,29.5,2.3,1.4,1.5,5.0,8.7,8.3,6.2,29.9,1.0,0.8,2.5,3.2,Derrick White,71
2019-20,SAS,68,24.7,1.2,0.8,1.5,4.5,7.6,6.8,6.0,23.4,0.9,0.4,2.2,3.2,Derrick White,71
2018-19,SAS,67,25.8,1.4,0.6,1.2,4.8,7.0,6.8,6.5,23.2,0.7,0.5,2.2,2.1,Derrick White,71
2017-18,SAS,17,8.2,0.5,0.3,0.2,0.7,1.8,2.5,1.4,7.3,0.2,0.1,0.5,0.8,Derrick White,71
2024-25,MEM,28,29.0,2.4,2.2,3.9,6.7,14.3,8.3,9.3,28.4,0.5,0.9,2.5,1.6,Desmond Bane,73
2023-24,MEM,42,34.4,4.1,2.4,3.9,8.6,13.5,9.9,10.9,32.3,0.5,1.5,2.9,3.0,Desmond Bane,73
2022-23,MEM,58,31.7,3.9,2.2,4.8,8.4,10.1,9.5,8.9,31.0,0.4,1.3,2.6,2.6,Desmond Bane,73
2021-22,MEM,76,29.8,2.7,2.2,3.4,5.4,8.6,8.0,8.5,28.3,0.4,0.9,2.6,1.5,Desmond Bane,73
2020-21,MEM,68,22.3,1.8,0.8,1.8,2.9,7.9,5.4,6.3,22.0,0.2,0.5,1.8,0.6,Desmond Bane,73
2024-25,PHX,27,36.3,4.0,2.0,3.7,6.7,12.6,10.4,12.2,38.0,0.3,1.1,2.1,5.6,Devin Booker,17
2023-24,PHX,68,36.0,3.1,1.9,3.8,9.0,13.0,10.5,10.3,36.4,0.4,0.7,3.0,5.2,Devin Booker,17
2022-23,PHX,53,34.6,4.0,2.1,3.7,9.9,11.1,10.9,8.6,34.4,0.3,0.8,3.0,5.4,Devin Booker,17
2021-22,PHX,68,34.5,4.6,1.7,4.1,7.7,10.4,10.8,8.2,32.8,0.4,0.9,2.6,4.6,Devin Booker,17
2020-21,PHX,67,33.9,3.4,2.0,3.6,9.8,10.7,9.6,8.2,33.8,0.2,0.7,2.7,5.2,Devin Booker,17
2019-20,PHX,70,35.9,4.3,1.6,4.0,9.5,12.2,9.4,9.6,37.1,0.3,1.0,3.0,6.4,Devin Booker,17
2018-19,PHX,64,35.0,3.7,1.6,4.3,10.0,14.4,11.4,11.3,39.7,0.2,1.2,3.1,6.1,Devin Booker,17
2017-18,PHX,54,34.5,2.6,1.8,3.4,6.7,14.2,9.3,11.6,33.9,0.3,1.1,3.1,5.4,Devin Booker,17
2016-17,PHX,78,35.0,4.0,1.6,5.0,6.7,13.8,10.0,12.1,32.8,0.3,1.2,3.1,4.6,Devin Booker,17
2015-16,PHX,76,27.7,2.4,1.0,2.9,4.3,11.9,8.0,10.1,25.4,0.3,0.8,3.0,3.2,Devin Booker,17
2024-25,SAS,21,28.8,2.4,1.2,3.0,4.6,12.2,9.1,9.4,32.0,0.5,0.4,1.6,1.9,Devin Vassell,86
2023-24,SAS,68,33.1,2.2,1.2,3.0,6.7,13.5,9.7,10.1,39.5,0.3,0.5,1.1,2.2,Devin Vassell,86
2022-23,SAS,38,31.0,3.1,1.1,3.8,4.5,12.6,9.4,10.6,37.4,0.4,0.5,1.5,1.8,Devin Vassell,86
2021-22,SAS,71,27.3,2.0,1.5,1.8,3.5,9.1,7.7,6.5,28.0,0.6,0.4,2.0,1.3,Devin Vassell,86
2020-21,SAS,62,17.0,0.9,0.3,0.7,1.5,4.9,4.1,3.9,17.0,0.3,0.1,1.4,0.7,Devin Vassell,86
2024-25,SAC,34,35.9,3.6,4.2,1.5,13.1,12.9,9.3,8.7,32.5,0.5,1.1,3.6,4.2,Domantas Sabonis,41
2023-24,SAC,82,35.7,2.4,3.6,1.4,13.9,12.0,7.6,8.8,36.6,0.6,1.0,3.0,4.6,Domantas Sabonis,41
2022-23,SAC,79,34.6,2.6,3.3,1.4,12.9,11.7,8.8,8.5,38.9,0.5,0.8,3.5,4.7,Domantas Sabonis,41
2021-22,TOT,62,34.4,2.1,3.5,1.3,12.5,11.7,8.6,9.2,34.9,0.4,0.7,3.3,5.2,Domantas Sabonis,41
2021-22,SAC,15,33.6,2.9,2.2,1.2,13.5,12.7,7.9,10.1,33.9,0.3,0.6,3.8,4.8,Domantas Sabonis,41
2021-22,IND,47,34.7,1.8,3.9,1.3,12.3,11.4,8.8,9.0,35.2,0.5,0.8,3.1,5.4,Domantas Sabonis,41
2020-21,IND,62,36.0,3.1,2.8,1.8,13.0,12.3,10.4,10.3,39.6,0.5,0.9,3.3,4.8,Domantas Sabonis,41
2019-20,IND,62,34.8,2.6,2.9,0.7,12.2,10.2,8.5,9.7,33.5,0.5,0.9,3.1,4.9,Domantas Sabonis,41
2018-19,IND,74,24.8,2.1,3.0,0.7,9.6,7.4,5.7,7.0,22.8,0.4,0.4,3.2,3.9,Domantas Sabonis,41
2017-18,IND,74,24.5,1.8,1.7,0.8,7.5,8.4,6.3,6.3,22.4,0.4,0.6,3.0,2.9,Domantas Sabonis,41
2016-17,OKC,81,20.1,0.9,0.5,0.5,2.7,6.6,5.0,4.0,19.2,0.4,0.4,2.5,0.9,Domantas Sabonis,41
2024-25,CLE,34,31.3,3.4,1.5,3.6,6.1,9.1,7.6,9.7,28.3,0.2,0.6,1.9,3.3,Donovan Mitchell,26
2023-24,CLE,55,35.3,4.3,2.2,4.5,8.8,11.8,9.7,10.2,34.2,0.5,1.0,2.1,4.3,Donovan Mitchell,26
2022-23,CLE,68,35.8,4.2,1.9,3.7,10.2,11.5,8.2,9.9,33.0,0.4,0.8,2.5,4.1,Donovan Mitchell,26
2021-22,UTA,67,33.8,3.2,1.9,2.0,9.5,11.5,9.5,8.0,32.8,0.2,0.7,2.4,4.1,Donovan Mitchell,26
2020-21,UTA,53,33.4,2.8,2.1,2.2,8.5,11.8,8.4,9.0,35.4,0.3,0.9,2.2,4.7,Donovan Mitchell,26
2019-20,UTA,69,34.3,2.0,1.8,1.4,9.2,11.9,8.5,9.0,33.3,0.2,0.7,2.5,3.8,Donovan Mitchell,26
2018-19,UTA,77,33.7,3.3,1.6,2.3,10.1,11.8,7.4,8.1,32.7,0.4,1.2,2.7,3.8,Donovan Mitchell,26
2017-18,UTA,79,33.4,3.0,1.9,2.4,8.5,11.7,7.6,6.9,29.2,0.3,1.0,2.7,3.3,Donovan Mitchell,26
2024-25,CLE,33,30.2,3.2,2.7,1.7,12.1,9.6,7.5,9.1,27.4,1.5,0.8,2.2,3.5,Evan Mobley,56
2023-24,CLE,50,30.6,2.2,2.7,1.4,11.6,11.0,8.8,9.2,29.2,1.4,0.8,2.7,2.7,Evan Mobley,56
2022-23,CLE,79,34.4,2.6,2.4,1.2,11.8,10.9,8.5,9.0,31.1,1.5,0.8,2.8,3.2,Evan Mobley,56
2021-22,CLE,69,33.8,1.9,2.6,0.9,10.1,11.9,8.9,8.2,32.1,1.7,0.7,2.1,3.0,Evan Mobley,56
2024-25,ORL,25,33.2,4.3,2.0,3.6,12.3,10.2,7.3,9.0,29.4,0.5,1.2,2.3,4.4,Franz Wagner,19
2023-24,ORL,72,32.5,3.6,2.1,2.7,11.6,10.1,7.5,9.8,31.1,0.4,1.1,2.3,3.8,Franz Wagner,19
2022-23,ORL,80,32.6,2.7,1.5,2.5,9.5,11.6,8.4,9.6,31.6,0.2,1.1,2.3,3.6,Franz Wagner,19
2021-22,ORL,79,30.7,2.1,1.6,1.9,8.8,10.3,8.3,7.7,27.1,0.4,1.1,2.1,2.4,Franz Wagner,19
2024-25,HOU,34,35.5,2.4,1.3,2.7,3.6,9.7,9.6,7.6,33.3,0.5,0.4,2.4,2.1,Fred VanVleet,92
2023-24,HOU,73,36.8,2.7,1.5,2.7,3.2,11.0,10.0,7.8,36.4,0.8,0.4,2.5,2.8,Fred VanVleet,92
2022-23,TOR,69,36.7,2.8,1.6,3.0,4.6,11.0,8.1,11.1,37.5,0.6,0.8,2.8,3.2,Fred VanVleet,92
2021-22,TOR,65,37.9,2.6,2.5,2.8,3.6,11.3,10.7,9.0,35.1,0.5,0.8,2.5,3.0,Fred VanVleet,92
2020-21,TOR,52,36.5,3.6,2.0,2.7,4.7,10.9,10.2,7.7,31.4,0.7,1.1,2.3,3.4,Fred VanVleet,92
2019-20,TOR,54,35.7,3.0,1.2,3.6,5.7,12.0,9.9,9.3,29.7,0.3,0.9,2.4,3.5,Fred VanVleet,92
2018-19,TOR,64,27.5,1.5,1.0,2.1,3.1,9.0,6.9,7.0,26.7,0.3,0.6,1.7,1.8,Fred VanVleet,92
2017-18,TOR,76,20.0,1.5,0.6,1.3,3.1,5.4,5.6,3.8,17.8,0.3,0.6,1.7,1.5,Fred VanVleet,92
2016-17,TOR,37,7.9,0.8,0.4,0.5,1.1,2.5,1.6,1.9,6.3,0.1,0.4,1.0,0.5,Fred VanVleet,92
2024-25,MIL,25,35.0,5.6,2.9,6.1,21.0,12.3,9.2,12.0,34.2,1.4,1.4,2.4,8.5,Giannis A,1
2023-24,MIL,73,35.2,3.9,3.7,5.5,20.3,10.6,9.5,8.9,37.0,1.1,1.2,2.9,8.3,Giannis A,1
2022-23,MIL,63,32.1,4.0,3.6,5.4,18.8,10.0,8.4,8.7,32.1,0.8,1.3,3.1,9.0,Giannis A,1
2021-22,MIL,67,32.9,4.0,3.2,4.3,15.9,10.3,8.1,6.6,28.3,1.4,0.9,3.2,8.8,Giannis A,1
2020-21,MIL,61,33.0,4.1,2.2,4.7,16.7,10.7,8.1,7.0,29.1,1.2,0.9,2.8,7.7,Giannis A,1
2019-20,MIL,63,30.4,4.7,3.4,6.0,17.5,9.2,6.6,7.7,22.9,1.0,1.1,3.1,8.2,Giannis A,1
2018-19,MIL,72,32.8,3.9,2.9,4.7,17.5,9.5,7.8,6.3,28.0,1.5,1.4,3.2,7.7,Giannis A,1
2017-18,MIL,75,36.7,4.2,3.0,4.7,15.7,11.3,9.5,7.0,34.4,1.4,1.1,3.1,6.8,Giannis A,1
2016-17,MIL,80,35.6,4.7,2.4,5.4,13.1,11.4,9.4,7.7,31.3,1.9,0.9,3.1,5.9,Giannis A,1
2015-16,MIL,80,35.3,3.9,2.1,4.0,10.5,12.5,10.5,9.3,32.1,1.4,0.8,3.2,4.1,Giannis A,1
2014-15,MIL,81,31.4,2.7,1.7,3.1,7.3,11.1,8.6,6.5,26.1,1.0,0.8,3.1,3.5,Giannis A,1
2013-14,MIL,77,24.6,1.5,1.1,1.7,3.2,8.6,6.8,6.3,20.8,0.8,0.4,2.2,2.2,Giannis A,1
2024-25,TOR,30,31.7,2.7,2.4,2.6,4.8,12.6,10.1,10.9,33.9,0.2,0.7,2.4,2.8,Gradey Dickerson,70
2023-24,TOR,60,21.1,1.3,1.3,1.6,2.6,8.5,7.0,7.1,24.8,0.0,0.4,1.5,0.8,Gradey Dickerson,70
2024-25,TOR,6,27.2,1.0,2.8,1.8,5.0,9.3,8.3,8.8,29.0,0.0,1.7,2.2,2.7,Immanuel Quickley,94
2023-24,TOT,68,29.2,2.7,1.3,3.1,5.1,8.9,8.3,7.9,30.2,0.1,0.7,1.8,2.8,Immanuel Quickley,94
2023-24,TOR,38,33.3,2.9,1.1,3.9,5.6,10.7,10.4,9.2,36.8,0.2,0.8,2.0,3.3,Immanuel Quickley,94
2023-24,NYK,30,24.0,2.5,1.5,2.1,4.4,6.6,5.5,6.3,21.9,0.1,0.4,1.5,2.2,Immanuel Quickley,94
2022-23,NYK,81,28.9,2.3,1.5,2.0,5.2,9.0,8.1,6.5,26.4,0.2,0.4,2.0,2.2,Immanuel Quickley,94
2021-22,NYK,78,23.1,1.5,1.1,1.1,3.0,6.4,5.7,3.7,18.4,0.0,0.4,2.1,2.0,Immanuel Quickley,94
2020-21,NYK,64,19.4,1.8,1.0,0.8,2.7,5.4,5.2,3.4,16.5,0.2,0.4,1.8,2.0,Immanuel Quickley,94
2024-25,LAC,36,32.2,2.3,3.5,0.4,13.3,13.7,7.9,11.3,30.5,1.2,0.8,2.0,3.3,Ivica Zubac,89
2023-24,LAC,68,26.4,1.3,2.6,0.4,9.9,8.2,7.1,7.4,24.9,1.2,0.6,2.6,2.0,Ivica Zubac,89
2022-23,LAC,76,28.5,1.2,2.5,0.5,8.5,10.6,7.4,9.0,29.4,1.3,0.6,2.9,2.8,Ivica Zubac,89
2021-22,LAC,76,24.4,1.1,2.5,0.6,8.1,8.3,6.9,6.9,25.3,1.0,0.6,2.7,2.7,Ivica Zubac,89
2020-21,LAC,72,22.3,0.7,2.3,0.5,7.1,7.8,5.2,6.0,21.0,0.9,0.7,2.6,2.3,Ivica Zubac,89
2019-20,LAC,72,18.4,1.1,2.5,0.9,6.1,5.9,4.3,5.3,15.6,0.9,0.4,2.3,1.8,Ivica Zubac,89
2018-19,TOT,59,17.6,1.2,1.7,0.9,7.0,6.7,4.2,5.8,18.6,0.9,0.8,2.3,1.9,Ivica Zubac,89
2018-19,LAC,26,20.1,1.2,1.6,1.3,7.3,7.2,3.8,6.3,20.9,0.9,0.9,2.5,1.8,Ivica Zubac,89
2018-19,LAL,33,15.6,1.2,1.8,0.5,6.8,6.2,4.5,5.4,16.8,0.8,0.7,2.2,1.9,Ivica Zubac,89
2017-18,LAL,43,9.5,0.3,1.3,0.4,2.7,3.3,2.0,2.2,8.5,0.3,0.3,1.1,1.1,Ivica Zubac,89
2016-17,LAL,38,16.0,0.7,1.0,0.5,5.5,5.0,4.9,5.4,17.8,0.9,0.6,1.7,1.3,Ivica Zubac,89
2024-25,DET,30,29.9,2.4,2.3,2.9,7.5,11.1,8.9,9.1,27.7,0.4,0.9,2.2,3.2,Jaden Ivey,68
2023-24,DET,77,28.8,1.9,1.3,3.1,6.7,11.8,8.2,8.5,33.0,0.5,1.1,2.6,2.9,Jaden Ivey,68
2022-23,DET,74,31.1,2.0,1.4,2.1,6.1,12.3,9.4,9.7,35.1,0.2,1.2,3.3,4.3,Jaden Ivey,68
2024-25,TOR,31,31.9,1.4,4.0,0.8,12.3,13.8,8.9,10.6,33.7,1.3,0.8,3.5,2.9,Jakob Poeltl,87
2023-24,TOR,50,26.4,1.3,2.3,0.8,9.6,8.5,7.2,7.4,27.8,1.5,0.7,3.0,2.0,Jakob Poeltl,87
2022-23,TOT,72,26.5,2.1,3.1,0.6,10.5,9.8,6.6,8.2,30.2,1.2,0.5,2.7,2.7,Jakob Poeltl,87
2022-23,TOR,26,27.2,2.5,2.9,0.7,10.9,8.3,5.1,7.5,27.8,1.3,0.5,3.0,2.4,Jakob Poeltl,87
2022-23,SAS,46,26.1,1.8,3.2,0.6,10.3,10.7,7.5,8.6,31.5,1.1,0.5,2.6,2.8,Jakob Poeltl,87
2021-22,SAS,68,29.0,1.8,3.1,0.2,11.8,8.0,8.7,6.6,30.4,1.7,0.6,3.1,2.8,Jakob Poeltl,87
2020-21,SAS,69,26.7,1.1,2.4,0.3,7.4,7.7,7.2,6.1,25.7,1.8,0.4,2.5,1.7,Jakob Poeltl,87
2019-20,SAS,66,17.7,0.7,1.3,0.6,4.9,4.8,5.0,4.2,16.9,1.4,0.4,1.9,1.5,Jakob Poeltl,87
2018-19,SAS,77,16.5,0.7,1.5,0.2,4.6,5.1,4.0,4.6,16.1,0.9,0.2,1.6,1.2,Jakob Poeltl,87
2017-18,TOR,82,18.6,1.1,2.0,0.5,6.0,5.7,5.0,4.0,17.2,1.2,0.4,2.6,1.4,Jakob Poeltl,87
2016-17,TOR,54,11.6,0.4,1.1,0.1,2.4,3.5,2.5,3.2,9.3,0.4,0.2,2.1,0.9,Jakob Poeltl,87
2024-25,NYK,33,34.9,3.5,1.6,2.5,9.8,10.7,8.9,10.9,34.2,0.1,1.0,2.2,6.1,Jalen Brunson,13
2023-24,NYK,77,35.4,3.5,2.1,2.6,11.6,10.3,9.3,10.6,35.3,0.2,0.8,1.9,6.2,Jalen Brunson,13
2022-23,NYK,68,35.0,2.8,1.3,1.8,10.4,10.8,9.5,9.7,33.4,0.2,0.8,2.2,5.7,Jalen Brunson,13
2021-22,DAL,79,31.9,2.1,1.4,1.1,7.6,9.1,8.8,7.7,31.3,0.0,0.5,1.9,3.4,Jalen Brunson,13
2020-21,DAL,68,25.0,1.7,0.8,1.6,5.7,7.2,6.0,6.0,22.0,0.0,0.3,1.6,2.6,Jalen Brunson,13
2019-20,DAL,57,17.9,1.0,0.5,1.0,3.6,5.1,4.8,6.3,17.7,0.1,0.2,1.3,2.1,Jalen Brunson,13
2018-19,DAL,73,21.8,1.0,0.8,1.3,4.5,6.6,5.4,7.2,22.2,0.1,0.6,1.7,2.2,Jalen Brunson,13
2024-25,ATL,32,36.4,3.5,2.8,3.6,12.2,15.6,10.7,13.0,36.0,1.1,1.0,2.0,2.8,Jalen Johnson,48
2023-24,ATL,56,33.7,2.8,1.8,2.8,9.7,11.2,9.5,12.6,36.6,0.8,0.9,2.4,2.2,Jalen Johnson,48
2022-23,ATL,70,14.9,1.4,0.9,1.6,3.5,5.2,4.8,4.7,16.4,0.5,0.3,1.6,0.8,Jalen Johnson,48
2021-22,ATL,22,5.5,0.5,0.2,0.4,1.7,1.6,1.8,1.4,5.4,0.1,0.1,0.4,0.2,Jalen Johnson,48
2024-25,ORL,34,29.0,3.2,1.1,2.4,5.7,11.4,6.4,7.9,27.8,1.0,0.5,2.7,3.7,Jalen Suggs,75
2023-24,ORL,75,27.0,2.6,1.4,2.1,4.2,9.8,6.5,8.3,26.6,0.6,0.3,2.7,2.4,Jalen Suggs,75
2022-23,ORL,53,23.5,1.5,1.2,1.5,3.7,9.5,6.6,7.1,22.3,0.5,0.5,2.3,2.5,Jalen Suggs,75
2021-22,ORL,48,27.2,1.9,0.6,2.1,5.6,9.2,7.9,7.1,23.5,0.4,1.0,3.0,3.4,Jalen Suggs,75
2024-25,OKC,35,32.5,4.6,1.6,3.8,10.1,8.3,10.4,8.5,28.9,0.7,1.0,2.6,2.8,Jalen Williams,39
2023-24,OKC,71,31.3,3.7,1.6,2.9,9.9,8.9,10.1,8.0,30.8,0.6,0.7,2.5,2.6,Jalen Williams,39
2022-23,OKC,75,30.3,2.9,1.8,1.9,8.5,8.8,9.7,7.4,31.7,0.5,0.7,2.5,2.2,Jalen Williams,39
2024-25,DEN,28,36.7,3.3,1.3,3.7,6.3,11.8,10.3,12.6,39.9,0.7,0.8,1.8,3.6,Jamal Murray,52
2023-24,DEN,59,31.5,3.0,1.5,2.2,7.1,10.8,9.2,9.6,34.6,0.7,0.9,1.8,2.7,Jamal Murray,52
2022-23,DEN,65,32.8,2.8,1.4,1.9,6.3,11.0,9.2,9.5,36.6,0.2,0.5,1.6,2.8,Jamal Murray,52
2020-21,DEN,48,35.5,4.4,1.4,2.7,6.5,11.2,7.7,9.4,32.5,0.3,0.5,2.0,3.3,Jamal Murray,52
2019-20,DEN,59,32.3,2.8,1.1,1.8,6.5,10.5,7.4,8.2,31.9,0.3,0.5,1.7,3.0,Jamal Murray,52
2018-19,DEN,75,32.6,2.2,1.5,2.1,6.6,10.9,7.6,8.5,33.5,0.4,0.7,2.0,2.7,Jamal Murray,52
2017-18,DEN,81,31.7,2.6,1.9,2.2,5.8,11.5,7.1,8.3,30.9,0.3,0.7,2.1,2.5,Jamal Murray,52
2016-17,DEN,82,21.5,1.3,0.8,1.1,3.2,7.9,5.3,6.2,21.3,0.3,0.4,1.5,1.3,Jamal Murray,52
2024-25,LAC,34,33.9,3.7,1.5,2.1,5.7,13.7,8.5,11.1,32.3,0.6,0.9,2.1,4.5,James Harden,34
2023-24,LAC,72,34.3,1.8,0.9,1.8,3.9,10.5,9.4,9.8,34.8,0.8,0.6,1.8,3.3,James Harden,34
2022-23,PHI,58,36.8,3.1,1.9,2.1,6.0,11.7,9.5,12.8,34.8,0.5,0.9,1.9,4.6,James Harden,34
2021-22,TOT,65,37.2,3.0,1.8,2.2,7.3,13.1,9.7,11.8,37.3,0.6,1.4,2.4,5.8,James Harden,34
2021-22,PHI,21,37.7,2.9,1.1,1.9,6.2,11.9,8.8,13.0,38.4,0.2,1.3,2.3,5.7,James Harden,34
2021-22,BKN,44,37.0,3.1,2.1,2.3,7.9,13.7,10.2,11.3,36.8,0.7,1.5,2.4,5.8,James Harden,34
2020-21,TOT,44,36.6,3.1,1.9,2.4,9.6,12.8,10.8,10.6,36.9,0.8,1.1,2.3,5.1,James Harden,34
2020-21,BKN,36,36.6,3.0,1.9,2.4,9.8,12.3,10.8,10.0,36.8,0.8,1.0,2.4,5.2,James Harden,34
2020-21,HOU,8,36.3,3.9,1.6,2.5,8.8,14.9,10.8,13.3,37.0,0.8,1.4,1.8,4.8,James Harden,34
2019-20,HOU,68,36.5,5.4,2.7,3.5,10.7,13.1,10.9,12.0,37.7,0.9,1.4,3.3,7.7,James Harden,34
2018-19,HOU,78,36.8,5.4,2.8,3.1,11.1,12.8,10.4,11.2,39.2,0.7,1.4,3.1,7.2,James Harden,34
2017-18,HOU,72,35.4,4.7,2.0,2.0,9.3,11.9,8.8,9.2,35.7,0.7,1.4,2.3,7.0,James Harden,34
2016-17,HOU,81,36.4,4.4,2.2,4.0,8.6,13.3,10.1,11.1,37.6,0.5,1.1,2.7,6.2,James Harden,34
2015-16,HOU,82,38.1,4.8,2.1,5.6,8.4,15.3,11.3,11.7,34.7,0.6,1.2,2.8,6.8,James Harden,34
2014-15,HOU,81,36.8,5.0,2.7,5.7,8.3,13.9,10.7,11.6,33.3,0.7,1.3,2.6,6.7,James Harden,34
2013-14,HOU,73,38.0,4.3,2.2,6.9,7.7,14.1,11.7,10.8,34.2,0.4,0.8,2.4,5.8,James Harden,34
2012-13,HOU,78,38.3,4.8,1.8,6.3,8.6,14.4,9.8,11.7,33.7,0.5,1.4,2.3,6.8,James Harden,34
2011-12,OKC,62,31.4,3.2,1.4,3.3,5.5,10.4,10.2,7.5,27.4,0.2,0.8,2.4,4.2,James Harden,34
2010-11,OKC,82,26.7,2.1,0.7,2.3,3.6,8.5,8.4,5.9,23.6,0.3,0.6,2.5,3.1,James Harden,34
2009-10,OKC,76,22.9,2.2,0.9,2.0,2.5,8.1,6.7,5.2,18.6,0.3,0.6,2.6,2.5,James Harden,34
2024-25,MEM,35,29.0,2.7,2.5,1.1,11.9,11.6,7.9,9.4,27.7,1.6,1.3,3.3,4.9,Jaren Jackson Jr.,32
2023-24,MEM,66,32.2,3.7,2.1,0.8,11.8,11.3,9.6,10.1,31.4,1.6,1.8,3.6,5.7,Jaren Jackson Jr.,32
2022-23,MEM,63,28.4,2.1,2.6,1.4,10.0,8.3,8.1,8.0,25.9,3.0,1.0,3.6,3.9,Jaren Jackson Jr.,32
2021-22,MEM,78,27.3,2.4,2.4,1.2,7.5,7.5,7.3,7.6,25.5,2.3,1.3,3.5,3.6,Jaren Jackson Jr.,32
2020-21,MEM,11,23.5,1.3,2.2,1.7,6.4,9.6,7.4,6.2,22.5,1.6,0.6,3.8,3.2,Jaren Jackson Jr.,32
2019-20,MEM,57,28.5,2.2,1.5,1.8,7.1,10.4,8.0,8.4,27.2,1.6,1.1,4.1,3.3,Jaren Jackson Jr.,32
2018-19,MEM,58,26.1,2.0,1.6,1.3,8.2,8.4,6.5,8.7,22.8,1.4,0.7,3.8,3.5,Jaren Jackson Jr.,32
2024-25,BOS,28,35.4,3.9,2.3,3.4,11.9,10.1,8.5,11.3,35.9,0.3,1.1,2.4,5.4,Jaylen Brown,20
2023-24,BOS,70,33.5,3.4,2.1,4.4,11.5,9.5,9.9,9.6,33.3,0.5,1.0,2.6,3.4,Jaylen Brown,20
2022-23,BOS,67,35.9,3.8,1.8,4.7,12.5,11.9,9.8,9.8,36.7,0.4,1.1,2.6,4.1,Jaylen Brown,20
2021-22,BOS,66,33.6,3.5,2.3,3.2,9.9,10.0,8.5,7.8,28.4,0.3,1.5,2.5,4.3,Jaylen Brown,20
2020-21,BOS,58,34.5,3.6,2.0,3.8,10.2,11.8,9.7,8.5,31.5,0.6,1.1,2.9,4.1,Jaylen Brown,20
2019-20,BOS,57,33.9,3.4,1.9,4.5,9.0,10.2,8.9,8.9,31.1,0.4,1.2,2.9,3.4,Jaylen Brown,20
2018-19,BOS,74,25.9,2.6,1.4,3.0,6.3,8.2,7.3,7.0,24.6,0.4,0.6,2.5,2.3,Jaylen Brown,20
2017-18,BOS,70,30.7,2.9,1.7,2.0,6.2,9.5,6.9,6.0,27.3,0.4,0.8,2.6,2.9,Jaylen Brown,20
2016-17,BOS,78,17.2,1.6,0.7,1.4,3.3,6.0,4.3,4.0,15.0,0.2,0.4,1.8,1.3,Jaylen Brown,20
2024-25,BOS,30,36.3,4.1,2.4,3.1,9.4,9.8,9.2,11.0,38.5,0.5,0.8,2.5,4.9,Jayson Tatum,6
2023-24,BOS,74,35.7,4.1,2.2,3.0,9.5,9.6,10.4,9.4,35.6,0.6,0.8,2.0,4.6,Jayson Tatum,6
2022-23,BOS,74,36.9,4.5,2.4,3.6,11.6,11.1,9.5,9.7,36.7,0.7,0.8,2.2,5.4,Jayson Tatum,6
2021-22,BOS,76,35.9,3.6,2.1,3.0,10.1,10.5,9.1,8.5,30.8,0.6,1.1,2.3,4.5,Jayson Tatum,6
2020-21,BOS,64,35.8,5.0,1.9,2.6,9.9,10.8,8.8,8.4,32.3,0.5,1.0,1.9,4.2,Jayson Tatum,6
2019-20,BOS,66,34.3,3.4,1.9,3.0,8.6,9.9,9.1,9.2,29.9,0.9,0.9,2.1,3.6,Jayson Tatum,6
2018-19,BOS,79,31.1,3.0,1.7,2.6,6.3,8.8,8.5,8.4,28.9,0.7,0.6,2.1,2.6,Jayson Tatum,6
2017-18,BOS,80,30.5,2.5,1.1,2.0,5.0,9.5,7.2,6.6,27.2,0.7,0.7,2.1,2.5,Jayson Tatum,6
2024-25,MEM,20,27.7,4.1,1.3,4.1,10.4,13.4,8.0,9.2,28.3,0.4,0.9,1.6,5.6,Ja Morant,38
2023-24,MEM,9,35.3,2.6,1.7,3.3,13.8,13.0,10.3,11.7,38.0,0.6,1.8,2.1,5.3,Ja Morant,38
2022-23,MEM,61,31.9,3.9,2.0,3.9,14.4,10.1,9.7,9.2,32.1,0.3,1.4,1.6,6.2,Ja Morant,38
2021-22,MEM,57,33.1,3.9,2.9,4.4,16.6,10.3,8.5,9.0,33.1,0.4,1.7,1.5,5.8,Ja Morant,38
2020-21,MEM,63,32.6,3.2,1.7,2.9,10.6,11.0,8.8,9.3,33.0,0.2,1.1,1.4,4.9,Ja Morant,38
2019-20,MEM,67,31.0,2.7,1.4,2.5,10.7,11.4,8.8,8.2,28.6,0.3,1.4,1.6,4.1,Ja Morant,38
2024-25,POR,29,32.7,1.9,1.1,2.0,3.9,13.8,10.1,13.2,32.1,1.0,0.9,2.3,2.6,Jerami Grant,91
2023-24,POR,54,33.9,3.4,2.4,2.2,7.6,12.4,10.1,11.5,39.5,0.6,1.2,2.2,3.9,Jerami Grant,91
2022-23,POR,63,35.6,3.1,1.9,3.1,7.3,12.4,10.3,10.4,39.6,0.8,0.9,2.4,4.4,Jerami Grant,91
2021-22,DET,47,31.9,2.7,1.4,1.6,6.0,11.2,8.1,6.8,32.2,1.0,0.6,2.3,3.9,Jerami Grant,91
2020-21,DET,54,33.9,3.1,2.0,1.6,7.8,11.2,9.2,7.6,35.1,1.1,1.1,2.3,4.7,Jerami Grant,91
2019-20,DEN,71,26.6,1.6,1.4,1.0,5.0,9.2,7.0,6.8,27.5,0.8,0.5,2.2,2.6,Jerami Grant,91
2018-19,OKC,80,32.7,2.4,1.8,1.7,6.9,10.7,8.0,8.3,32.5,1.3,0.8,2.7,2.7,Jerami Grant,91
2017-18,OKC,81,20.3,1.9,1.0,0.9,5.0,6.1,6.2,4.3,17.9,1.0,0.6,1.9,2.7,Jerami Grant,91
2016-17,TOT,80,19.1,0.9,0.5,0.8,2.4,6.6,5.0,5.1,19.7,1.0,0.3,1.9,1.3,Jerami Grant,91
2016-17,OKC,78,19.1,0.9,0.5,0.8,2.4,6.6,5.0,4.9,19.6,1.0,0.3,1.8,1.3,Jerami Grant,91
2016-17,PHI,2,20.6,1.0,0.0,0.5,4.0,7.5,6.0,13.0,21.0,2.0,1.0,2.5,2.0,Jerami Grant,91
2015-16,PHI,77,26.8,1.8,1.0,1.6,5.4,11.4,8.2,9.0,25.2,1.6,1.0,2.8,3.7,Jerami Grant,91
2014-15,PHI,65,21.2,1.3,0.7,1.0,2.1,9.2,6.0,6.3,17.2,1.0,0.5,2.2,2.1,Jerami Grant,91
2024-25,MIA,22,30.8,3.0,1.8,3.0,9.5,9.4,8.7,10.6,32.5,0.4,0.9,1.0,4.9,Jimmy Butler,69
2023-24,MIA,60,34.0,3.3,2.2,2.6,9.5,11.1,9.5,9.5,32.8,0.3,1.1,1.1,5.2,Jimmy Butler,69
2022-23,MIA,64,33.4,4.0,3.0,2.9,11.5,11.1,8.4,9.0,33.2,0.3,0.8,1.3,5.7,Jimmy Butler,69
2021-22,MIA,57,33.9,3.4,2.4,2.6,10.4,11.3,8.5,8.1,29.5,0.5,0.6,1.5,5.7,Jimmy Butler,69
2020-21,MIA,52,33.6,3.8,1.7,3.1,10.7,10.1,7.7,7.1,28.3,0.3,0.8,1.4,6.0,Jimmy Butler,69
2019-20,MIA,58,33.8,3.3,1.6,2.4,9.1,10.9,8.3,7.7,30.7,0.6,0.8,1.4,6.7,Jimmy Butler,69
2018-19,TOT,65,33.6,2.6,2.0,2.6,8.2,11.5,9.0,10.8,35.8,0.6,0.7,1.7,4.2,Jimmy Butler,69
2018-19,PHI,55,33.2,2.5,1.9,2.5,8.0,11.1,8.4,10.0,35.1,0.5,0.7,1.7,4.0,Jimmy Butler,69
2018-19,MIN,10,36.1,2.9,2.5,3.4,9.6,13.7,12.2,14.9,39.4,1.0,0.7,1.8,5.4,Jimmy Butler,69
2017-18,MIN,59,36.7,4.0,2.0,2.6,8.6,11.4,9.6,9.2,33.5,0.4,0.7,1.3,5.2,Jimmy Butler,69
2016-17,CHI,76,37.0,4.0,2.6,4.0,7.8,11.2,9.2,10.6,34.2,0.4,0.8,1.5,6.5,Jimmy Butler,69
2015-16,CHI,67,36.9,3.3,2.4,2.6,8.0,11.6,11.3,10.2,33.5,0.6,0.8,1.9,5.5,Jimmy Butler,69
2014-15,CHI,65,38.7,3.8,2.2,3.4,7.2,11.8,10.7,10.1,32.5,0.6,0.9,1.7,5.2,Jimmy Butler,69
2013-14,CHI,67,38.7,2.8,1.4,2.4,4.2,11.6,9.0,9.5,29.7,0.5,0.7,1.6,4.1,Jimmy Butler,69
2012-13,CHI,82,26.0,1.8,1.7,1.3,3.6,8.3,6.9,6.9,21.2,0.4,0.7,1.2,2.2,Jimmy Butler,69
2011-12,CHI,42,8.5,0.5,0.4,0.6,1.0,2.5,2.4,1.6,6.6,0.1,0.3,0.5,0.8,Jimmy Butler,69
2024-25,PHI,11,29.3,3.5,1.5,0.7,9.5,10.3,7.5,9.3,24.9,1.0,0.5,2.3,5.9,Joel Embiid,25
2023-24,PHI,39,33.6,3.3,4.3,2.1,14.0,10.4,9.1,11.0,34.7,1.7,1.3,2.9,7.6,Joel Embiid,25
2022-23,PHI,66,34.6,4.2,2.8,2.1,14.9,11.3,9.5,10.7,32.6,1.7,1.4,3.1,7.7,Joel Embiid,25
2021-22,PHI,68,33.8,3.8,3.0,1.9,12.0,9.5,8.8,10.0,32.6,1.5,1.2,2.7,8.5,Joel Embiid,25
2020-21,PHI,51,31.1,3.9,3.7,1.9,10.3,10.5,7.5,9.0,29.1,1.4,0.9,2.4,7.4,Joel Embiid,25
2019-20,PHI,51,29.5,2.4,3.9,1.1,9.0,9.8,6.9,8.0,26.0,1.3,0.8,3.4,6.7,Joel Embiid,25
2018-19,PHI,64,33.7,3.3,4.1,1.5,13.1,11.8,8.7,10.1,32.9,1.9,1.2,3.3,7.7,Joel Embiid,25
2017-18,PHI,63,30.4,2.4,3.0,0.6,10.0,10.7,7.6,5.6,24.3,1.8,1.2,3.3,6.5,Joel Embiid,25
2016-17,PHI,31,25.4,2.7,2.7,1.2,7.8,10.6,5.7,8.5,20.2,2.5,1.2,3.6,7.1,Joel Embiid,25
2024-25,UTA,27,29.9,2.0,3.3,1.5,9.8,14.4,8.5,11.4,31.1,0.9,1.4,2.9,3.8,John Collins,62
2023-24,UTA,68,28.0,1.8,2.9,1.5,8.6,10.6,7.8,11.3,31.0,0.9,1.1,2.8,2.4,John Collins,62
2022-23,ATL,71,30.0,2.1,1.4,1.4,6.9,9.5,8.7,9.8,35.4,1.0,0.6,3.1,2.7,John Collins,62
2021-22,ATL,54,30.8,2.0,2.0,0.8,8.6,9.9,7.7,7.5,28.9,1.0,0.7,3.0,3.6,John Collins,62
2020-21,ATL,63,29.3,1.7,3.1,1.2,9.2,9.6,8.2,7.3,30.7,1.0,0.8,3.1,3.1,John Collins,62
2019-20,ATL,41,33.2,3.2,3.4,2.1,13.5,13.6,10.0,10.8,36.6,1.6,1.3,3.4,3.5,John Collins,62
2018-19,ATL,61,30.0,2.7,4.2,1.9,13.0,13.5,8.9,11.1,32.3,0.6,1.1,3.3,3.8,John Collins,62
2017-18,ATL,74,24.1,2.1,2.1,1.0,7.5,9.0,6.4,6.7,21.4,1.1,0.6,2.9,2.5,John Collins,62
2024-25,UTA,22,25.6,1.9,1.7,1.5,6.1,13.5,10.0,10.2,27.8,0.3,1.0,1.5,3.0,Jordan Clarkson,82
2023-24,UTA,55,30.6,1.7,1.9,1.5,7.7,12.2,9.1,11.6,33.0,0.1,0.9,1.5,2.5,Jordan Clarkson,82
2022-23,UTA,61,32.6,2.6,2.3,2.4,8.9,12.5,10.7,12.1,37.6,0.2,0.9,2.0,3.1,Jordan Clarkson,82
2021-22,UTA,79,27.1,2.0,1.4,1.5,6.3,9.1,6.9,6.7,25.0,0.2,0.5,1.9,2.1,Jordan Clarkson,82
2020-21,UTA,68,26.7,2.4,1.4,2.2,6.9,9.1,7.2,7.0,27.9,0.1,0.6,1.6,1.9,Jordan Clarkson,82
2019-20,TOT,71,24.0,2.1,1.4,1.5,6.3,8.1,6.0,6.4,24.2,0.2,0.7,1.5,1.8,Jordan Clarkson,82
2019-20,UTA,42,24.7,2.3,1.5,1.6,6.9,7.9,6.0,5.8,24.5,0.2,0.7,1.8,1.5,Jordan Clarkson,82
2019-20,CLE,29,23.0,1.9,1.2,1.3,5.4,8.5,6.0,7.2,23.7,0.3,0.8,1.1,2.3,Jordan Clarkson,82
2018-19,CLE,81,27.3,2.6,1.4,1.6,6.7,9.7,7.0,7.2,28.6,0.2,0.7,1.4,2.1,Jordan Clarkson,82
2017-18,TOT,81,23.3,2.1,1.5,1.8,5.5,8.6,6.8,5.4,22.7,0.1,0.6,1.3,1.9,Jordan Clarkson,82
2017-18,CLE,28,22.6,2.7,1.0,1.8,3.8,6.8,6.4,5.4,21.9,0.1,0.5,1.6,1.8,Jordan Clarkson,82
2017-18,LAL,53,23.7,1.8,1.7,1.8,6.4,9.6,7.0,5.4,23.1,0.1,0.7,1.2,2.0,Jordan Clarkson,82
2016-17,LAL,82,29.2,2.4,1.1,2.1,6.6,11.6,8.7,9.5,29.8,0.1,0.7,1.8,1.8,Jordan Clarkson,82
2015-16,LAL,79,32.3,2.1,1.5,2.1,6.6,10.9,9.9,11.5,33.0,0.1,1.1,2.1,2.3,Jordan Clarkson,82
2014-15,LAL,59,25.0,2.1,0.9,2.5,5.1,7.7,6.2,7.7,22.3,0.2,0.7,1.8,2.3,Jordan Clarkson,82
2024-25,WAS,28,31.4,2.9,1.2,3.6,6.4,13.3,11.2,11.4,35.9,0.5,1.1,3.4,5.0,Jordan Poole,35
2023-24,WAS,78,30.1,2.6,1.1,2.8,6.3,10.4,10.5,9.6,37.1,0.3,1.0,3.1,2.7,Jordan Poole,35
2022-23,GSW,82,30.0,2.9,1.4,3.3,6.7,12.4,8.5,8.4,31.1,0.3,0.9,2.6,4.2,Jordan Poole,35
2021-22,GSW,76,30.0,2.7,1.1,2.8,5.8,10.4,7.5,7.2,27.3,0.3,0.8,2.7,3.0,Jordan Poole,35
2020-21,GSW,51,19.4,1.4,0.7,1.3,3.6,6.9,5.8,4.8,20.7,0.2,0.3,1.7,2.0,Jordan Poole,35
2019-20,GSW,57,22.3,1.6,0.4,1.0,2.1,8.4,5.6,7.0,23.8,0.2,0.6,1.6,1.9,Jordan Poole,35
2024-25,NYK,36,37.7,2.3,2.0,2.8,7.5,10.3,9.4,10.6,36.9,0.4,0.6,2.5,2.4,Josh Hart,96
2023-24,NYK,81,33.4,1.6,1.0,1.8,5.0,9.6,8.4,8.9,31.9,0.3,0.7,2.1,1.5,Josh Hart,96
2022-23,TOT,76,32.3,1.5,1.0,2.8,5.4,10.7,8.6,8.8,33.7,0.3,0.5,2.6,2.1,Josh Hart,96
2022-23,NYK,25,30.0,1.8,1.1,2.6,5.1,9.6,7.1,6.1,27.6,0.5,0.6,2.5,2.2,Josh Hart,96
2022-23,POR,51,33.4,1.3,1.0,2.8,5.6,11.3,9.3,10.1,36.7,0.2,0.5,2.6,2.1,Josh Hart,96
2021-22,TOT,54,33.2,2.1,1.3,3.9,7.2,12.0,7.9,8.8,31.1,0.2,0.7,2.8,3.2,Josh Hart,96
2021-22,POR,13,32.1,2.9,1.3,4.1,8.5,13.3,7.4,13.3,31.2,0.2,0.8,2.5,3.5,Josh Hart,96
2021-22,NOP,41,33.5,1.9,1.3,3.8,6.8,11.6,8.1,7.3,31.0,0.3,0.7,2.9,3.1,Josh Hart,96
2020-21,NOP,47,28.7,1.0,1.0,2.4,3.4,11.6,6.9,7.3,26.5,0.3,0.5,2.4,1.4,Josh Hart,96
2019-20,NOP,65,27.0,1.6,1.5,2.8,3.1,11.1,7.4,8.0,29.3,0.4,0.4,2.5,1.6,Josh Hart,96
2018-19,LAL,67,25.6,1.8,0.7,2.3,2.7,9.1,7.0,7.5,26.2,0.6,0.5,2.2,1.3,Josh Hart,96
2017-18,LAL,63,23.2,1.7,0.9,2.3,2.8,8.6,6.1,5.9,22.9,0.3,0.3,1.7,1.2,Josh Hart,96
2024-25,MIN,36,33.0,2.6,2.9,2.2,8.9,13.4,9.5,10.8,33.1,0.2,1.0,2.5,3.9,Julius Randle,47
2023-24,NYK,46,35.4,3.0,4.0,3.0,12.2,11.7,8.8,11.7,35.7,0.3,1.4,2.7,4.8,Julius Randle,47
2022-23,NYK,77,35.5,3.1,3.7,1.8,9.3,10.8,10.0,9.9,34.1,0.3,0.7,3.0,4.9,Julius Randle,47
2021-22,NYK,72,35.3,3.0,3.1,1.3,8.1,11.8,9.1,10.1,33.0,0.5,0.9,2.8,4.6,Julius Randle,47
2020-21,NYK,71,37.6,3.4,2.5,1.2,7.6,12.2,9.0,8.4,34.4,0.3,1.0,3.2,5.0,Julius Randle,47
2019-20,NYK,64,32.5,2.8,3.5,1.1,10.8,11.7,8.1,9.4,29.0,0.3,1.0,2.8,4.3,Julius Randle,47
2018-19,NOP,73,30.6,3.1,3.2,2.3,13.2,11.7,8.6,9.7,32.3,0.6,1.2,3.4,5.0,Julius Randle,47
2017-18,LAL,82,26.7,2.4,2.8,2.7,11.5,10.5,7.1,7.4,27.2,0.5,1.3,3.3,4.1,Julius Randle,47
2016-17,LAL,74,28.8,2.2,2.2,2.4,8.7,11.2,7.8,10.7,29.1,0.5,1.0,3.4,2.6,Julius Randle,47
2015-16,LAL,81,28.2,2.1,2.4,1.8,7.6,10.1,8.5,11.5,29.0,0.4,1.0,3.0,2.6,Julius Randle,47
2014-15,LAL,1,13.6,0.0,0.0,0.0,0.0,5.0,6.0,6.0,12.0,0.0,0.0,1.0,1.0,Julius Randle,47
2024-25,NYK,32,34.3,2.9,3.8,0.8,12.6,9.1,8.1,9.3,34.1,0.9,1.1,3.6,5.0,Karl-Anthony Towns,15
2023-24,MIN,62,32.7,3.1,2.5,1.1,9.9,11.1,8.5,8.8,32.1,0.7,1.1,3.3,4.2,Karl-Anthony Towns,15
2022-23,MIN,29,33.0,2.9,2.3,1.9,8.8,12.9,9.4,10.1,32.5,0.6,0.7,3.8,4.6,Karl-Anthony Towns,15
2021-22,MIN,74,33.5,3.4,3.6,1.3,12.1,11.0,9.5,10.5,33.2,1.1,1.2,3.6,5.8,Karl-Anthony Towns,15
2020-21,MIN,50,33.8,3.4,3.7,1.2,10.8,11.9,10.3,10.3,34.8,1.1,1.0,3.7,5.6,Karl-Anthony Towns,15
2019-20,MIN,35,33.9,3.3,4.9,1.0,10.8,11.8,8.9,8.6,35.0,1.2,1.0,3.3,5.5,Karl-Anthony Towns,15
2018-19,MIN,77,33.0,3.7,4.5,0.7,12.1,10.8,10.4,9.2,33.7,1.6,1.0,3.8,5.8,Karl-Anthony Towns,15
2017-18,MIN,82,35.6,3.1,3.9,0.7,10.5,10.9,9.3,9.4,33.2,1.4,0.8,3.5,4.6,Karl-Anthony Towns,15
2016-17,MIN,82,37.0,3.4,4.7,1.5,14.1,13.1,10.3,11.0,35.7,1.3,1.1,2.9,4.7,Karl-Anthony Towns,15
2015-16,MIN,82,32.0,2.8,3.5,1.1,9.8,11.3,9.0,9.1,30.5,1.7,0.8,3.0,3.0,Karl-Anthony Towns,15
2024-25,PHX,22,36.0,4.2,1.8,4.1,9.8,12.6,10.2,11.0,35.2,1.3,0.7,1.8,5.8,Kevin Durant,8
2023-24,PHX,75,37.2,3.7,2.2,3.5,8.9,14.2,11.0,11.3,39.9,1.2,0.7,1.8,4.8,Kevin Durant,8
2022-23,TOT,47,35.6,3.5,2.0,2.9,8.8,12.9,10.8,10.9,35.2,1.4,0.5,2.1,5.8,Kevin Durant,8
2022-23,PHX,8,33.7,1.3,2.0,1.5,6.0,11.4,10.5,9.1,33.5,1.3,0.5,0.9,4.6,Kevin Durant,8
2022-23,BKN,39,36.0,4.0,1.9,3.1,9.4,13.3,10.9,11.2,35.6,1.5,0.5,2.4,6.0,Kevin Durant,8
2021-22,BKN,55,37.2,3.6,2.1,3.5,8.6,14.0,10.7,11.1,35.1,0.9,0.7,2.1,5.9,Kevin Durant,8
2020-21,BKN,35,33.1,3.2,1.7,2.9,8.5,10.3,11.0,6.8,32.9,1.3,0.7,2.0,5.3,Kevin Durant,8
2018-19,GSW,78,34.6,3.6,1.9,4.6,8.5,12.2,10.1,10.8,33.2,1.1,0.5,2.0,4.9,Kevin Durant,8
2017-18,GSW,68,34.2,3.7,1.9,4.3,7.7,13.6,10.1,10.8,34.5,1.8,0.6,2.0,4.8,Kevin Durant,8
2016-17,GSW,62,33.4,4.6,2.4,5.7,10.0,10.7,9.6,9.3,31.3,1.6,0.4,1.9,4.6,Kevin Durant,8
2015-16,OKC,72,35.8,3.0,2.2,4.6,8.8,12.9,10.8,10.0,33.5,1.2,0.5,1.9,4.5,Kevin Durant,8
2014-15,OKC,27,33.8,4.0,2.3,4.0,7.7,10.7,8.8,9.1,29.6,0.9,0.3,1.5,4.9,Kevin Durant,8
2013-14,OKC,81,38.5,5.1,2.5,5.5,10.6,14.4,9.9,10.6,32.3,0.7,0.5,2.1,6.4,Kevin Durant,8
2012-13,OKC,81,38.5,4.8,2.5,4.2,9.4,13.2,10.9,9.4,32.8,1.3,0.5,1.8,6.5,Kevin Durant,8
2011-12,OKC,66,38.6,4.0,2.2,4.4,9.3,13.4,12.0,9.8,34.5,1.2,0.6,2.0,4.9,Kevin Durant,8
2010-11,OKC,78,38.9,4.2,1.8,4.2,7.4,12.2,12.1,10.1,36.9,1.0,0.6,2.0,5.3,Kevin Durant,8
2009-10,OKC,82,39.5,5.8,2.9,5.4,9.7,12.9,12.2,10.1,37.1,1.0,0.8,2.1,6.6,Kevin Durant,8
2008-09,OKC,74,39.0,4.1,2.6,4.6,8.3,16.0,10.3,11.2,36.6,0.7,1.0,1.8,4.7,Kevin Durant,8
2007-08,SEA,80,34.6,3.9,1.9,4.5,7.1,13.3,10.6,10.7,32.7,0.9,1.1,1.5,3.9,Kevin Durant,8
2024-25,UTA,28,31.5,1.7,1.4,1.7,4.4,15.6,8.7,14.8,36.9,0.2,0.8,1.8,2.5,Keyonte George,84
2023-24,UTA,75,27.0,1.7,0.8,1.6,3.7,11.0,8.1,11.3,29.9,0.1,0.7,1.2,2.7,Keyonte George,84
2024-25,DAL,32,27.8,1.8,1.8,1.7,1.9,9.4,8.3,8.4,28.3,0.4,0.3,1.3,0.8,Klay Thompson,97
2023-24,GSW,77,29.7,2.4,2.1,2.2,3.1,10.5,8.3,9.1,32.1,0.5,0.4,1.6,1.2,Klay Thompson,97
2022-23,GSW,69,33.0,3.3,2.2,3.5,4.1,12.5,9.1,10.6,34.1,0.4,0.5,1.9,1.3,Klay Thompson,97
2021-22,GSW,32,29.4,3.1,2.4,3.0,4.4,10.3,7.9,8.6,28.4,0.5,0.4,1.7,1.3,Klay Thompson,97
2018-19,GSW,78,34.0,2.8,1.4,3.5,5.4,12.5,9.8,10.7,33.7,0.6,0.5,2.0,2.2,Klay Thompson,97
2017-18,GSW,73,34.3,2.4,1.3,3.8,4.1,13.0,9.9,10.4,33.1,0.5,0.4,1.6,1.7,Klay Thompson,97
2016-17,GSW,78,34.0,4.0,2.3,4.2,5.4,10.6,10.1,10.0,32.1,0.5,0.6,1.8,2.0,Klay Thompson,97
2015-16,GSW,80,33.3,3.1,2.0,4.1,6.2,11.7,9.4,9.7,31.3,0.6,0.5,1.9,2.1,Klay Thompson,97
2014-15,GSW,77,31.9,3.2,1.4,4.1,5.9,10.0,9.1,8.9,27.0,0.8,0.7,1.6,2.5,Klay Thompson,97
2013-14,GSW,81,35.4,2.9,2.0,2.8,4.3,12.3,9.7,9.5,29.7,0.5,0.6,2.9,2.1,Klay Thompson,97
2012-13,GSW,82,35.8,2.8,1.4,3.2,3.2,12.7,10.5,10.1,31.1,0.5,0.4,2.9,1.8,Klay Thompson,97
2011-12,GSW,66,24.4,2.4,1.3,1.5,2.8,7.7,7.6,7.0,22.1,0.3,0.5,2.3,1.2,Klay Thompson,97
2024-25,BOS,14,27.9,1.4,1.9,1.4,7.0,8.9,6.1,8.0,25.0,1.4,0.8,2.4,5.0,Kristaps Porzingis,65
2023-24,BOS,57,29.6,1.8,2.4,1.2,8.6,8.2,8.8,9.0,28.5,1.9,0.3,2.7,4.9,Kristaps Porzingis,65
2022-23,WAS,65,32.6,2.6,2.8,0.7,8.7,11.1,9.4,10.4,34.0,1.5,0.9,3.0,6.1,Kristaps Porzingis,65
2021-22,TOT,51,29.0,2.3,2.6,1.5,8.2,8.4,6.4,7.2,26.8,1.6,0.6,2.7,4.6,Kristaps Porzingis,65
2021-22,WAS,17,28.2,2.4,2.4,0.7,7.9,8.6,6.2,5.8,28.2,1.5,0.6,2.9,5.6,Kristaps Porzingis,65
2021-22,DAL,34,29.5,2.2,2.7,1.9,8.3,8.3,6.5,7.9,26.1,1.7,0.5,2.6,4.1,Kristaps Porzingis,65
2020-21,DAL,43,30.9,1.8,2.7,1.2,8.1,9.1,8.5,9.1,29.3,1.3,0.7,2.7,3.5,Kristaps Porzingis,65
2019-20,DAL,57,31.8,2.5,2.9,1.1,6.4,9.1,8.3,10.8,29.0,2.0,0.6,3.2,3.9,Kristaps Porzingis,65
2017-18,NYK,48,32.4,2.9,1.7,1.2,7.0,10.6,9.2,7.1,27.5,2.4,0.9,2.9,5.9,Kristaps Porzingis,65
2016-17,NYK,66,32.8,2.2,2.1,1.4,6.5,10.7,9.8,10.1,30.1,2.0,0.5,3.7,3.3,Kristaps Porzingis,65
2015-16,NYK,72,28.4,1.5,2.6,0.5,4.7,8.8,7.2,6.7,24.7,1.9,0.4,2.8,3.1,Kristaps Porzingis,65
2024-25,DAL,30,35.6,2.7,2.5,2.9,8.9,13.2,11.5,9.6,37.3,0.4,0.9,2.2,3.0,Kryie Irving,21
2023-24,DAL,58,35.0,3.2,2.2,3.7,9.5,10.1,10.3,10.1,36.0,0.5,0.7,1.9,3.1,Kryie Irving,21
2022-23,TOT,60,37.3,3.5,1.3,3.9,10.0,12.1,11.2,10.3,38.6,0.8,0.9,2.8,3.6,Kryie Irving,21
2022-23,DAL,20,38.1,3.6,1.4,3.7,11.1,11.1,11.7,10.5,42.0,0.6,1.0,2.8,3.7,Kryie Irving,21
2022-23,BKN,40,36.9,3.5,1.3,4.1,9.5,12.6,11.0,10.2,36.9,0.8,0.9,2.7,3.6,Kryie Irving,21
2021-22,BKN,29,37.6,3.1,2.1,3.5,8.8,12.0,11.0,9.6,35.7,0.6,0.9,2.8,3.8,Kryie Irving,21
2020-21,BKN,54,34.9,2.7,1.8,2.9,10.6,10.8,11.5,7.8,35.0,0.7,1.0,2.6,3.4,Kryie Irving,21
2019-20,BKN,20,32.9,3.6,2.0,3.1,10.5,11.9,7.6,8.3,37.7,0.5,0.8,2.7,4.8,Kryie Irving,21
2018-19,BOS,67,33.0,3.4,1.8,3.6,8.7,9.9,9.2,9.5,31.7,0.5,0.7,2.5,3.6,Kryie Irving,21
2017-18,BOS,60,32.2,2.4,1.9,2.1,8.5,10.4,7.6,7.2,29.5,0.3,0.8,2.0,3.4,Kryie Irving,21
2016-17,CLE,72,35.1,2.7,1.8,2.5,8.3,11.1,10.1,10.4,33.6,0.3,1.0,2.2,3.4,Kryie Irving,21
2015-16,CLE,53,31.5,2.8,1.7,2.3,7.0,9.4,7.2,8.3,29.4,0.3,1.0,2.0,2.9,Kryie Irving,21
2014-15,CLE,75,36.4,2.9,1.8,2.4,7.4,11.5,9.1,9.5,33.2,0.3,0.8,1.9,3.8,Kryie Irving,21
2013-14,CLE,71,35.2,2.8,1.4,3.0,6.6,11.1,9.5,9.4,29.4,0.3,0.8,2.3,3.7,Kryie Irving,21
2012-13,CLE,59,34.7,3.2,2.3,2.5,7.3,11.9,9.9,9.9,32.1,0.4,1.1,2.5,4.2,Kryie Irving,21
2011-12,CLE,51,30.5,3.0,1.1,3.0,8.1,10.3,9.0,7.5,29.1,0.4,1.0,2.2,2.9,Kryie Irving,21
2024-25,WAS,17,26.4,1.9,0.9,3.4,9.2,11.0,7.5,11.2,28.7,0.2,0.7,1.6,2.2,Kyle Kuzma,90
2023-24,WAS,70,32.6,3.4,1.3,3.9,11.3,11.1,11.7,10.5,41.7,0.7,0.7,2.2,2.7,Kyle Kuzma,90
2022-23,WAS,64,35.0,2.3,1.8,3.2,9.8,12.5,10.4,9.7,37.6,0.5,0.9,2.3,2.8,Kyle Kuzma,90
2021-22,WAS,66,33.4,1.9,1.7,1.8,7.6,10.6,9.3,6.2,35.2,0.9,0.5,1.9,2.8,Kyle Kuzma,90
2020-21,LAL,68,28.7,2.1,2.0,2.1,5.0,10.1,6.4,6.8,28.8,0.6,0.4,1.8,1.4,Kyle Kuzma,90
2019-20,LAL,61,25.0,2.4,1.7,2.4,5.7,8.4,6.2,7.6,24.2,0.4,0.4,2.1,1.8,Kyle Kuzma,90
2018-19,LAL,70,33.1,2.6,1.6,3.4,9.4,12.4,9.2,10.3,35.0,0.4,1.0,2.4,2.8,Kyle Kuzma,90
2017-18,LAL,77,31.2,2.3,1.9,2.6,6.9,11.7,9.0,8.1,31.9,0.4,0.7,2.1,2.1,Kyle Kuzma,90
2024-25,CHA,22,33.7,3.7,3.1,3.2,10.2,12.7,9.5,11.0,32.5,0.2,1.1,3.7,5.1,Lamelo Ball,4
2023-24,CHA,22,32.3,3.5,2.6,2.3,9.9,10.5,8.6,10.8,36.0,0.2,0.6,3.6,4.1,Lamelo Ball,4
2022-23,CHA,36,35.2,3.0,1.9,2.7,6.6,11.0,10.0,10.2,40.2,0.3,0.8,3.3,3.1,Lamelo Ball,4
2021-22,CHA,75,32.3,3.2,2.0,3.0,7.1,11.1,9.9,9.5,33.2,0.4,0.7,3.2,3.2,Lamelo Ball,4
2020-21,CHA,51,28.8,2.5,1.4,1.7,7.0,11.4,7.9,9.3,30.2,0.4,0.6,2.7,3.1,Lamelo Ball,4
2024-25,UTA,28,31.9,2.5,2.8,2.6,5.9,14.6,9.6,13.0,33.4,0.3,0.8,1.6,3.9,Lauri Markkanen,53
2023-24,UTA,55,33.1,2.5,3.2,2.0,8.3,12.8,9.4,12.1,35.9,0.5,0.8,1.8,4.4,Lauri Markkanen,53
2022-23,UTA,66,34.4,3.1,3.8,2.7,10.2,12.7,10.3,11.9,38.0,0.6,1.0,2.1,4.5,Lauri Markkanen,53
2021-22,CLE,61,30.8,2.4,1.6,1.9,5.3,10.8,8.2,7.7,30.2,0.5,0.8,2.1,2.4,Lauri Markkanen,53
2020-21,CHI,51,25.8,1.2,1.7,0.9,5.0,10.0,6.2,6.7,27.1,0.3,0.5,1.5,1.9,Lauri Markkanen,53
2019-20,CHI,50,29.8,2.4,1.7,2.0,5.4,11.7,7.9,7.7,31.4,0.5,0.8,1.9,2.4,Lauri Markkanen,53
2018-19,CHI,52,32.3,2.3,2.3,1.7,7.2,11.4,8.9,8.7,33.4,0.6,0.7,2.3,3.2,Lauri Markkanen,53
2017-18,CHI,68,29.7,2.1,1.5,1.5,5.2,10.7,6.4,7.4,27.7,0.6,0.7,1.5,2.8,Lauri Markkanen,53
2024-25,LAL,33,34.9,3.6,2.0,4.5,11.2,12.6,11.2,12.2,37.9,0.5,0.8,1.4,3.8,LeBron James,27
2023-24,LAL,71,35.3,3.7,1.5,5.1,13.6,12.5,10.8,11.5,37.0,0.5,0.8,1.1,4.3,LeBron James,27
2022-23,LAL,55,35.5,3.5,2.7,6.2,15.1,11.3,9.3,10.7,37.5,0.6,0.9,1.6,5.0,LeBron James,27
2021-22,LAL,56,37.2,4.3,2.9,4.8,14.3,13.1,10.2,11.9,38.6,1.1,0.8,2.2,5.5,LeBron James,27
2020-21,LAL,45,33.4,4.0,2.0,4.5,11.7,10.8,8.0,8.8,32.2,0.6,0.6,1.6,4.6,LeBron James,27
2019-20,LAL,67,34.6,4.6,2.3,4.8,12.7,12.2,8.1,11.6,32.1,0.5,0.9,1.8,5.1,LeBron James,27
2018-19,LAL,55,35.2,4.2,2.7,5.3,13.5,13.0,9.3,11.2,37.2,0.6,0.9,1.7,5.8,LeBron James,27
2017-18,CLE,82,36.9,4.1,2.2,4.2,14.4,12.6,9.7,9.1,36.2,0.9,0.8,1.7,5.4,LeBron James,27
2016-17,CLE,74,37.8,4.1,2.5,5.5,13.9,12.4,10.1,10.0,35.2,0.6,0.8,1.8,5.9,LeBron James,27
2015-16,CLE,76,35.6,5.4,2.4,5.4,14.0,11.3,8.3,8.4,29.9,0.6,0.9,1.9,5.4,LeBron James,27
2014-15,CLE,69,36.1,4.9,2.4,4.9,10.9,11.7,8.8,8.7,32.2,0.7,0.7,2.0,6.0,LeBron James,27
2013-14,MIA,77,37.7,6.1,2.0,6.1,13.6,13.6,10.3,9.2,32.6,0.3,0.5,1.6,6.0,LeBron James,27
2012-13,MIA,76,37.9,6.1,2.9,5.4,12.8,11.4,11.2,9.2,31.4,0.9,0.5,1.4,5.8,LeBron James,27
2011-12,MIA,62,37.5,6.0,2.8,5.9,12.2,11.8,10.2,8.6,28.7,0.8,0.5,1.5,6.1,LeBron James,27
2010-11,MIA,79,38.8,5.0,2.3,5.8,11.4,12.4,9.9,10.2,31.0,0.6,0.5,2.1,5.9,LeBron James,27
2009-10,CLE,76,39.0,5.5,2.7,6.1,11.9,12.4,9.4,10.2,29.6,1.0,0.6,1.6,7.0,LeBron James,27
2008-09,CLE,81,37.7,5.8,3.0,5.2,11.5,10.4,9.2,9.3,29.0,1.1,0.7,1.7,7.2,LeBron James,27
2007-08,CLE,75,40.4,4.9,3.9,5.2,13.2,13.3,9.5,10.6,31.8,1.1,0.8,2.2,7.9,LeBron James,27
2006-07,CLE,78,40.9,4.6,3.0,4.8,12.1,11.8,9.9,8.7,32.0,0.7,0.6,2.2,6.6,LeBron James,27
2005-06,CLE,79,42.5,5.2,2.4,6.2,12.8,12.8,10.3,9.1,32.8,0.8,0.8,2.3,7.5,LeBron James,27
2004-05,CLE,80,42.3,5.9,2.9,5.5,11.7,13.2,11.5,11.2,34.0,0.7,0.9,1.8,0.0,LeBron James,27
2003-04,CLE,79,39.6,4.3,2.3,5.1,9.5,13.1,11.3,11.2,31.9,0.7,1.0,1.9,0.0,LeBron James,27
2024-25,DAL,22,35.7,5.3,1.9,4.2,9.9,12.5,9.9,11.4,34.7,0.4,0.5,2.6,5.7,Luka Doncic,7
2023-24,DAL,70,37.5,4.5,2.5,2.9,11.1,11.1,10.4,12.6,39.5,0.5,0.7,2.1,6.8,Luka Doncic,7
2022-23,DAL,66,36.2,4.5,2.2,1.7,13.4,11.5,10.6,10.2,37.8,0.5,0.7,2.5,7.3,Luka Doncic,7
2021-22,DAL,65,35.4,3.3,1.8,1.1,11.0,10.5,10.5,9.2,35.9,0.6,0.7,2.2,6.2,Luka Doncic,7
2020-21,DAL,66,34.3,3.0,2.0,1.5,11.1,10.0,9.6,9.4,33.0,0.5,0.8,2.3,5.5,Luka Doncic,7
2019-20,DAL,61,33.6,2.8,2.6,2.5,12.8,10.0,9.2,10.6,34.1,0.2,1.1,2.5,7.5,Luka Doncic,7
2018-19,DAL,72,32.2,3.0,2.0,2.9,8.0,11.5,8.5,12.3,32.0,0.3,0.7,1.9,5.6,Luka Doncic,7
2024-25,DET,36,28.2,2.3,1.9,2.6,2.6,12.1,8.0,9.2,27.3,0.1,0.3,1.3,1.3,Malik Beasley,83
2023-24,MIL,79,29.6,1.8,1.5,1.5,1.9,9.0,8.1,9.0,32.1,0.1,0.3,2.0,0.5,Malik Beasley,83
2022-23,TOT,81,25.8,1.8,0.9,1.9,2.4,10.0,7.8,9.5,30.2,0.1,0.3,1.3,0.6,Malik Beasley,83
2022-23,LAL,26,23.9,1.8,0.8,2.3,2.7,9.1,5.3,9.2,27.8,0.0,0.2,1.2,0.5,Malik Beasley,83
2022-23,UTA,55,26.8,1.9,1.0,1.7,2.3,10.4,8.9,9.7,31.3,0.1,0.4,1.4,0.6,Malik Beasley,83
2021-22,MIN,79,25.0,2.2,1.6,2.0,1.7,8.4,7.2,7.4,23.7,0.2,0.4,1.1,0.5,Malik Beasley,83
2020-21,MIN,37,32.8,3.8,1.6,3.0,5.9,11.3,9.6,9.9,35.9,0.2,0.8,1.7,1.6,Malik Beasley,83
2019-20,TOT,55,22.0,2.2,0.9,2.0,3.3,7.2,5.7,6.6,24.7,0.1,0.5,1.4,1.0,Malik Beasley,83
2019-20,MIN,14,33.1,4.5,1.0,4.4,7.4,12.2,9.9,11.1,42.7,0.1,0.8,1.9,1.8,Malik Beasley,83
2019-20,DEN,41,18.2,1.4,0.9,1.2,1.9,5.5,4.3,5.1,18.6,0.1,0.4,1.2,0.8,Malik Beasley,83
2018-19,DEN,81,23.2,2.1,1.0,2.3,3.7,7.2,6.1,5.6,24.0,0.1,0.4,1.4,0.8,Malik Beasley,83
2017-18,DEN,62,9.4,0.8,0.5,0.5,1.2,3.9,2.3,2.1,8.8,0.1,0.2,0.6,0.5,Malik Beasley,83
2016-17,DEN,22,7.5,0.7,0.5,1.5,1.9,3.0,1.8,2.0,6.5,0.0,0.3,0.5,0.4,Malik Beasley,83
2024-25,SAC,30,30.8,3.0,1.5,2.6,6.2,10.1,8.3,7.8,28.5,0.5,0.8,2.5,2.5,Malik Monk   ,72
2023-24,SAC,72,26.0,2.1,1.3,2.4,5.6,9.0,6.4,6.3,26.3,0.5,0.8,2.2,2.3,Malik Monk   ,72
2022-23,SAC,77,22.3,2.6,0.8,2.4,4.8,8.0,6.1,4.8,24.5,0.3,0.7,1.6,1.9,Malik Monk   ,72
2021-22,LAL,76,28.1,2.1,1.2,2.7,5.3,9.4,7.8,8.7,30.9,0.4,0.4,1.8,1.4,Malik Monk   ,72
2020-21,CHA,42,20.9,2.2,1.2,1.4,3.6,6.6,5.1,5.4,20.4,0.1,0.5,1.1,1.4,Malik Monk   ,72
2019-20,CHA,55,21.3,1.5,1.1,1.5,5.3,7.8,6.7,5.2,22.3,0.3,0.5,1.3,1.5,Malik Monk   ,72
2018-19,CHA,73,17.2,1.4,0.6,1.5,2.5,5.1,4.8,4.8,18.0,0.3,0.4,1.5,1.2,Malik Monk   ,72
2017-18,CHA,63,13.5,1.2,0.5,0.7,1.4,4.6,3.0,3.5,13.8,0.1,0.2,1.0,0.7,Malik Monk   ,72
2024-25,DEN,34,34.7,2.8,2.8,2.6,7.5,12.1,10.1,12.9,37.6,0.4,0.7,2.1,2.0,Micheal Porter Jr.,54
2023-24,DEN,81,31.7,2.6,2.3,2.6,4.8,9.5,7.9,9.4,33.5,0.7,0.5,1.8,1.2,Micheal Porter Jr.,54
2022-23,DEN,62,29.0,2.3,2.0,3.4,5.1,9.9,8.6,9.0,32.7,0.5,0.5,1.9,1.4,Micheal Porter Jr.,54
2021-22,DEN,9,29.4,2.0,0.9,2.3,3.8,10.3,6.3,7.2,31.6,0.2,0.4,1.8,1.1,Micheal Porter Jr.,54
2020-21,DEN,61,31.3,3.0,2.3,3.1,7.1,9.9,7.7,8.6,29.6,0.9,0.4,2.1,1.6,Micheal Porter Jr.,54
2019-20,DEN,55,16.4,1.3,1.7,1.2,4.0,5.7,4.6,4.2,16.1,0.5,0.5,1.8,1.1,Micheal Porter Jr.,54
2024-25,NYK,37,39.2,2.7,2.2,3.1,8.1,11.4,9.9,11.8,39.2,0.5,0.2,1.5,1.4,Mikal Bridges,57
2023-24,BKN,82,34.8,2.8,1.9,2.5,6.6,10.7,10.1,11.4,35.4,0.4,0.7,1.4,3.1,Mikal Bridges,57
2022-23,TOT,83,35.7,3.3,1.9,2.6,7.3,11.6,10.5,9.5,37.2,0.7,0.7,1.9,3.4,Mikal Bridges,57
2022-23,BKN,27,34.2,3.8,2.2,2.4,8.5,10.8,10.4,8.3,36.4,0.6,0.7,1.6,4.3,Mikal Bridges,57
2022-23,PHX,56,36.4,3.0,1.7,2.6,6.8,11.9,10.5,10.1,37.6,0.8,0.6,2.1,2.9,Mikal Bridges,57
2021-22,PHX,82,34.8,3.0,1.1,2.8,7.4,10.0,10.3,8.3,33.3,0.4,0.4,1.8,1.9,Mikal Bridges,57
2020-21,PHX,72,32.6,2.9,1.8,2.9,5.8,10.1,8.9,8.1,32.1,0.9,0.3,1.6,1.6,Mikal Bridges,57
2019-20,PHX,73,28.0,2.0,1.1,1.8,4.5,9.3,7.0,7.0,28.8,0.6,0.5,2.2,1.9,Mikal Bridges,57
2018-19,PHX,82,29.5,2.4,0.8,1.8,3.1,11.6,9.7,8.8,31.8,0.5,0.4,2.5,1.3,Mikal Bridges,57
2024-25,CHA,22,31.1,2.9,2.4,2.6,8.5,11.1,8.5,10.3,31.8,0.6,1.1,1.5,2.5,Miles Bridges,64
2023-24,CHA,69,37.4,3.1,1.9,2.2,10.2,12.9,10.8,10.8,41.5,0.5,0.9,1.7,2.5,Miles Bridges,64
2021-22,CHA,80,35.5,3.0,2.3,2.1,10.5,11.8,11.1,9.3,35.6,0.8,0.8,2.4,3.4,Miles Bridges,64
2020-21,CHA,66,29.3,2.0,1.3,1.5,5.8,10.6,7.9,7.3,29.0,0.8,0.4,2.2,1.5,Miles Bridges,64
2019-20,CHA,65,30.7,1.8,1.8,1.5,6.3,11.0,8.7,7.8,33.2,0.7,0.7,2.0,1.6,Miles Bridges,64
2018-19,CHA,80,21.2,1.2,1.2,0.8,4.1,6.3,5.9,5.9,22.8,0.6,0.4,1.4,0.8,Miles Bridges,64
2024-25,IND,35,31.3,1.7,1.7,0.4,5.9,11.1,8.9,7.9,31.7,2.1,0.4,2.8,2.7,Myles Turner,88
2023-24,IND,77,27.0,1.5,2.4,1.1,7.9,8.3,7.5,7.0,32.6,1.9,0.5,3.0,3.4,Myles Turner,88
2022-23,IND,62,29.4,1.9,2.4,1.3,9.2,9.8,9.7,8.4,31.5,2.3,0.5,3.5,4.1,Myles Turner,88
2021-22,IND,42,29.4,1.4,2.2,1.0,6.2,9.0,7.6,7.0,28.1,2.8,0.4,2.8,2.3,Myles Turner,88
2020-21,IND,47,31.0,1.9,1.5,0.9,5.6,10.0,8.8,7.4,31.4,3.4,0.4,3.5,2.4,Myles Turner,88
2019-20,IND,62,29.4,1.5,1.6,0.3,4.5,9.0,7.6,8.7,27.5,2.1,0.4,2.7,2.5,Myles Turner,88
2018-19,IND,74,28.6,2.2,1.5,0.8,5.5,9.2,8.5,7.7,26.2,2.7,0.4,2.6,2.8,Myles Turner,88
2017-18,IND,65,28.2,1.6,1.5,0.6,4.2,8.1,7.7,6.5,25.2,1.8,0.4,2.9,2.9,Myles Turner,88
2016-17,IND,81,31.4,2.0,2.0,0.8,6.4,11.1,8.7,6.4,26.2,2.1,0.6,3.2,3.2,Myles Turner,88
2015-16,IND,60,22.8,1.4,1.6,0.8,4.8,7.3,6.4,5.5,20.3,1.4,0.4,2.6,2.0,Myles Turner,88
2024-25,DEN,29,36.9,3.0,4.1,2.3,16.9,12.5,10.1,12.7,39.5,0.6,1.1,2.0,5.8,Nikola Jokic,3
2023-24,DEN,79,34.6,2.7,3.9,1.0,16.8,10.6,8.4,10.2,36.5,0.9,0.9,2.5,5.4,Nikola Jokic,3
2022-23,DEN,69,33.7,3.0,3.7,1.4,15.8,11.9,8.8,9.7,36.7,0.7,0.7,2.5,5.7,Nikola Jokic,3
2021-22,DEN,74,33.5,3.0,3.8,1.7,16.2,12.2,7.9,8.4,35.2,0.9,0.9,2.6,6.5,Nikola Jokic,3
2020-21,DEN,72,34.6,3.4,4.2,0.8,14.4,10.8,7.7,9.6,32.1,0.7,0.9,2.7,5.8,Nikola Jokic,3
2019-20,DEN,73,32.0,2.1,3.3,0.5,10.4,10.2,7.8,8.2,31.2,0.6,0.4,3.0,5.0,Nikola Jokic,3
2018-19,DEN,80,31.3,2.0,3.8,0.6,11.8,10.4,7.1,8.4,31.5,0.7,0.8,2.9,5.2,Nikola Jokic,3
2017-18,DEN,75,32.6,2.0,3.1,0.8,8.1,12.4,6.9,8.4,30.7,0.8,0.6,2.8,5.1,Nikola Jokic,3
2016-17,DEN,73,27.9,1.3,3.4,1.0,10.0,9.8,6.5,8.0,26.9,0.8,0.7,2.9,3.2,Nikola Jokic,3
2015-16,DEN,80,21.7,1.3,2.1,0.5,6.2,7.0,4.5,5.4,17.5,0.6,0.7,2.6,2.5,Nikola Jokic,3
2024-25,CHI,35,32.3,1.7,2.5,0.4,11.1,10.9,9.2,11.4,38.3,0.6,0.5,2.4,2.7,Nikola Vucevic,46
2023-24,CHI,76,34.3,2.0,2.6,0.3,10.3,11.1,9.7,9.5,32.6,0.8,0.6,2.5,1.9,Nikola Vucevic,46
2022-23,CHI,82,33.5,2.4,2.4,0.7,9.6,10.8,7.5,9.4,32.3,0.7,0.5,2.2,2.1,Nikola Vucevic,46
2021-22,CHI,73,33.1,2.1,2.3,0.7,9.5,10.4,8.3,8.2,33.5,1.0,0.6,2.5,1.8,Nikola Vucevic,46
2020-21,TOT,70,33.5,1.9,2.7,1.4,9.3,11.9,7.5,9.3,32.7,0.7,0.7,2.0,2.3,Nikola Vucevic,46
2020-21,CHI,26,32.6,1.8,2.8,1.7,9.2,11.7,7.6,9.0,32.7,0.8,1.0,2.2,2.3,Nikola Vucevic,46
2020-21,ORL,44,34.1,2.0,2.6,1.2,9.3,12.0,7.5,9.5,32.7,0.6,0.6,1.8,2.3,Nikola Vucevic,46
2019-20,ORL,62,32.2,2.1,2.3,0.7,10.4,8.7,6.8,7.1,31.4,0.8,0.8,2.2,2.5,Nikola Vucevic,46
2018-19,ORL,80,31.4,2.5,3.3,0.6,12.3,9.8,6.9,8.6,30.8,1.1,0.8,2.0,2.7,Nikola Vucevic,46
2017-18,ORL,57,29.5,2.3,2.2,1.3,8.6,10.2,7.2,8.2,30.3,1.1,0.5,2.5,1.8,Nikola Vucevic,46
2016-17,ORL,75,28.8,1.9,2.5,0.5,7.1,9.2,7.7,8.2,28.2,1.0,0.5,2.4,2.0,Nikola Vucevic,46
2015-16,ORL,65,31.3,2.2,2.7,0.6,9.4,10.2,6.9,8.7,27.0,1.1,0.9,2.7,2.4,Nikola Vucevic,46
2014-15,ORL,74,34.2,2.4,3.9,0.7,11.2,12.1,7.9,9.2,29.9,0.7,0.6,3.0,2.9,Nikola Vucevic,46
2013-14,ORL,57,31.8,1.9,3.5,0.3,8.4,10.0,8.3,8.5,26.2,0.8,0.6,3.0,2.4,Nikola Vucevic,46
2012-13,ORL,77,33.2,1.7,3.8,0.3,8.5,11.7,8.1,8.7,30.2,1.0,0.8,2.8,1.8,Nikola Vucevic,46
2011-12,PHI,51,15.9,0.6,1.8,0.3,3.5,4.2,3.9,3.5,12.5,0.7,0.2,2.2,0.5,Nikola Vucevic,46
2024-25,LAC,26,33.3,4.7,2.3,4.8,8.5,13.3,9.2,11.1,31.8,0.2,0.8,2.0,3.5,Norman Powell,23
2023-24,LAC,76,26.2,2.1,1.4,1.8,4.5,8.7,7.8,8.1,27.0,0.3,0.5,1.8,2.0,Norman Powell,23
2022-23,LAC,60,26.1,1.9,1.1,2.4,6.5,10.6,7.9,8.5,27.9,0.3,0.7,2.1,3.7,Norman Powell,23
2021-22,TOT,45,32.4,3.5,1.5,3.1,6.0,11.8,8.4,9.3,34.4,0.5,0.7,2.4,4.1,Norman Powell,23
2021-22,LAC,5,25.1,2.6,0.6,3.2,6.8,11.0,7.6,7.6,31.6,0.8,0.6,2.8,5.0,Norman Powell,23
2021-22,POR,40,33.3,3.6,1.6,3.1,5.9,11.9,8.5,9.5,34.8,0.4,0.7,2.3,4.0,Norman Powell,23
2020-21,TOT,69,32.0,3.0,1.4,3.0,6.8,10.7,9.1,8.9,30.4,0.3,1.0,2.3,3.5,Norman Powell,23
2020-21,POR,27,34.4,2.7,1.8,3.1,6.7,9.9,9.3,10.0,33.7,0.4,0.9,2.3,3.6,Norman Powell,23
2020-21,TOR,42,30.4,3.2,1.2,3.0,7.0,11.2,9.1,8.2,28.3,0.2,1.1,2.3,3.5,Norman Powell,23
2019-20,TOR,52,28.4,3.1,0.9,3.7,6.5,9.7,8.9,7.9,25.8,0.4,0.7,2.1,2.2,Norman Powell,23
2018-19,TOR,60,18.8,1.4,0.6,1.4,3.9,6.7,5.3,5.9,19.0,0.2,0.4,1.6,1.2,Norman Powell,23
2017-18,TOR,70,15.2,1.2,0.5,1.0,2.5,5.4,4.5,3.1,14.4,0.2,0.3,1.6,0.7,Norman Powell,23
2016-17,TOR,76,18.0,1.6,0.6,1.8,3.9,5.6,4.9,4.2,15.7,0.2,0.5,1.7,1.5,Norman Powell,23
2015-16,TOR,49,14.8,1.1,0.2,1.3,1.7,4.3,3.4,3.9,12.5,0.2,0.5,1.2,0.9,Norman Powell,23
2024-25,NYK,37,36.5,3.4,1.6,3.4,7.7,10.4,9.0,10.9,35.7,0.9,1.1,2.4,1.8,OG Anunoby,78
2023-24,TOT,50,34.0,2.7,1.4,3.3,6.3,10.6,9.3,9.6,35.3,0.7,0.8,2.4,1.5,OG Anunoby,78
2023-24,NYK,23,34.9,3.0,2.1,2.7,6.7,10.0,8.5,10.5,34.1,1.0,0.9,2.5,1.5,OG Anunoby,78
2023-24,TOR,27,33.3,2.4,0.9,3.8,6.0,11.1,10.0,8.8,36.4,0.5,0.7,2.3,1.6,OG Anunoby,78
2022-23,TOR,67,35.6,4.0,2.1,3.8,7.4,11.4,7.8,10.8,36.6,0.7,1.0,3.0,2.3,OG Anunoby,78
2021-22,TOR,48,36.0,3.7,2.2,2.7,6.8,10.4,9.5,8.8,34.4,0.5,1.0,2.7,2.3,OG Anunoby,78
2020-21,TOR,43,33.3,3.0,1.4,2.3,6.2,10.3,9.9,7.3,29.1,0.7,0.9,2.7,1.9,OG Anunoby,78
2019-20,TOR,69,29.9,2.7,1.3,2.0,5.6,10.1,8.4,7.9,26.5,0.7,0.9,2.4,1.3,OG Anunoby,78
2018-19,TOR,67,20.2,1.2,0.9,1.1,3.3,7.3,5.5,6.3,20.5,0.3,0.5,2.1,0.9,OG Anunoby,78
2017-18,TOR,74,20.0,1.1,0.7,0.9,2.4,6.5,5.2,5.6,20.3,0.2,0.3,1.8,0.7,OG Anunoby,78
2024-25,ORL,5,36.4,5.0,5.2,3.4,11.6,14.8,7.0,12.0,34.8,0.8,1.2,2.6,7.4,Paolo Banchero,5
2023-24,ORL,80,35.0,3.9,2.3,3.0,9.7,11.7,9.1,10.7,35.0,0.6,1.1,1.9,4.8,Paolo Banchero,5
2022-23,ORL,72,33.7,3.1,2.0,2.7,8.5,12.5,9.7,9.4,34.5,0.5,1.3,2.2,5.0,Paolo Banchero,5
2024-25,IND,37,33.4,2.5,1.8,2.7,9.0,11.1,9.3,8.1,33.6,0.3,0.7,2.8,3.2,Pascal Siakam,49
2023-24,TOT,80,33.2,2.5,2.8,3.3,13.1,10.2,9.2,8.9,37.8,0.3,0.6,2.4,4.1,Pascal Siakam,49
2023-24,IND,41,31.8,2.8,3.0,3.0,13.4,9.3,9.2,8.1,37.6,0.4,0.6,2.6,3.6,Pascal Siakam,49
2023-24,TOR,39,34.7,2.1,2.6,3.6,12.8,11.1,9.3,9.7,37.9,0.3,0.5,2.2,4.5,Pascal Siakam,49
2022-23,TOR,71,37.4,4.0,2.8,3.7,12.1,10.7,8.5,12.1,38.5,0.5,0.5,3.2,5.6,Pascal Siakam,49
2021-22,TOR,68,37.9,4.3,2.5,3.4,13.1,10.5,9.7,9.3,35.7,0.6,0.9,3.3,5.0,Pascal Siakam,49
2020-21,TOR,56,35.8,3.0,2.4,2.3,11.3,11.2,10.8,8.4,32.1,0.7,1.1,3.1,4.5,Pascal Siakam,49
2019-20,TOR,60,35.2,4.0,1.6,4.1,10.7,11.1,9.0,8.5,30.5,0.9,1.0,2.8,3.9,Pascal Siakam,49
2018-19,TOR,80,31.8,3.1,1.5,3.8,10.5,9.6,8.1,8.6,30.3,0.7,0.5,3.0,3.0,Pascal Siakam,49
2017-18,TOR,81,20.7,1.6,0.9,1.7,5.4,6.3,5.3,4.2,18.8,0.5,0.4,2.0,1.0,Pascal Siakam,49
2016-17,TOR,55,15.6,1.0,0.8,0.8,3.0,5.5,3.8,4.6,13.8,0.8,0.3,2.0,0.5,Pascal Siakam,49
2024-25,PHI,24,32.0,3.3,1.6,1.3,3.9,11.6,7.7,9.6,28.7,0.4,0.5,2.5,3.0,Paul George,80
2023-24,LAC,74,33.8,3.1,1.6,2.4,5.6,10.1,9.2,9.3,33.0,0.5,0.7,2.7,3.2,Paul George,80
2022-23,LAC,56,34.6,4.1,1.7,2.5,7.1,12.7,8.9,9.1,35.1,0.4,0.7,2.8,4.1,Paul George,80
2021-22,LAC,31,34.8,3.4,1.5,2.1,6.6,11.6,10.2,8.8,33.8,0.4,0.9,2.4,5.1,Paul George,80
2020-21,LAC,54,33.7,4.1,2.1,2.1,6.9,10.4,7.5,7.3,30.3,0.4,0.8,2.4,4.2,Paul George,80
2019-20,LAC,48,29.6,3.8,1.8,2.8,5.2,9.8,7.1,8.7,26.2,0.4,0.8,2.4,3.8,Paul George,80
2018-19,OKC,77,36.9,4.9,2.9,4.5,7.4,11.7,8.9,8.6,35.9,0.4,1.0,2.8,5.5,Paul George,80
2017-18,OKC,79,36.6,3.4,1.8,2.6,5.8,11.1,9.7,8.8,33.4,0.5,0.8,2.9,4.1,Paul George,80
2016-17,IND,75,35.9,4.2,1.7,2.6,5.1,12.2,9.5,7.1,29.4,0.4,0.7,2.7,4.2,Paul George,80
2015-16,IND,81,34.8,4.7,2.2,3.2,5.4,11.8,9.3,8.7,29.7,0.4,1.0,2.8,5.4,Paul George,80
2014-15,IND,6,15.2,1.8,1.2,0.3,1.3,6.3,5.3,2.2,12.0,0.2,0.0,1.8,1.3,Paul George,80
2013-14,IND,80,36.2,4.1,1.8,2.8,5.7,11.3,8.4,8.2,26.3,0.3,0.8,2.5,4.8,Paul George,80
2012-13,IND,79,37.6,3.4,1.6,3.4,5.5,12.4,10.1,7.2,27.5,0.6,1.0,2.9,3.2,Paul George,80
2011-12,IND,66,29.7,2.8,1.6,2.7,4.4,8.7,7.8,7.2,22.5,0.6,0.8,2.9,2.5,Paul George,80
2010-11,IND,61,20.7,1.8,0.8,2.0,3.1,7.4,5.5,5.7,18.0,0.4,0.5,2.1,1.2,Paul George,80
2024-25,BOS,37,27.9,1.9,2.2,1.7,2.6,7.3,8.1,7.1,27.6,0.1,0.4,1.6,1.2,Payton Pritchard,93
2023-24,BOS,82,22.3,1.2,1.2,1.2,2.7,6.0,5.9,5.6,22.2,0.1,0.3,1.3,0.8,Payton Pritchard,93
2022-23,BOS,48,13.4,1.0,0.9,0.6,1.6,4.3,3.4,4.1,13.8,0.0,0.2,0.8,0.3,Payton Pritchard,93
2021-22,BOS,71,14.1,1.1,0.4,0.8,1.0,4.9,4.1,3.8,13.0,0.1,0.2,0.9,0.4,Payton Pritchard,93
2020-21,BOS,66,19.2,1.3,0.8,0.9,2.1,6.1,5.1,4.2,17.2,0.1,0.3,1.6,0.6,Payton Pritchard,93
2024-25,TOR,28,34.1,3.6,2.0,5.1,12.5,13.9,11.4,11.5,35.9,0.4,1.5,2.4,4.6,RJ Barrett,28
2023-24,TOT,58,31.7,3.0,1.7,4.1,11.5,10.7,9.8,10.6,35.1,0.4,1.6,2.2,3.6,RJ Barrett,28
2023-24,TOR,32,33.5,2.8,1.8,4.5,13.9,11.0,10.3,10.5,38.0,0.4,1.5,2.6,3.8,RJ Barrett,28
2023-24,NYK,26,29.5,3.2,1.5,3.5,8.5,10.3,9.3,10.8,31.6,0.3,1.6,1.7,3.3,RJ Barrett,28
2022-23,NYK,73,33.9,2.7,1.8,2.6,10.1,10.7,9.4,9.8,32.4,0.2,1.3,2.5,3.7,RJ Barrett,28
2021-22,NYK,70,34.5,2.8,1.6,3.1,9.2,11.4,8.7,8.9,32.0,0.2,1.5,2.0,4.1,RJ Barrett,28
2020-21,NYK,72,34.9,2.5,1.4,2.3,8.3,11.0,8.6,8.0,32.5,0.3,1.2,2.6,3.1,RJ Barrett,28
2019-20,NYK,56,30.4,2.4,1.0,1.9,7.4,10.6,8.7,8.6,27.9,0.3,1.1,2.2,3.5,RJ Barrett,28
2024-25,TOR,23,34.2,3.4,1.9,3.2,10.1,14.2,9.0,12.2,33.6,0.7,0.6,2.2,3.6,Scottie Barnes,45
2023-24,TOR,60,34.9,2.6,2.8,3.1,10.1,11.4,10.8,9.0,38.8,1.5,0.8,2.0,3.6,Scottie Barnes,45
2022-23,TOR,77,34.8,2.4,2.4,1.8,9.3,10.2,8.2,10.4,35.1,0.8,0.6,2.2,2.7,Scottie Barnes,45
2021-22,TOR,74,35.4,2.4,2.7,2.4,9.2,10.5,10.3,8.5,33.8,0.7,0.5,2.6,2.9,Scottie Barnes,45
2024-25,POR,27,31.6,3.1,1.5,3.8,7.3,13.6,8.0,12.7,33.0,0.3,0.7,1.8,2.5,Shaedon Sharpe,63
2023-24,POR,32,33.1,3.1,2.1,2.2,5.7,12.2,10.3,11.5,39.2,0.4,1.0,2.8,3.6,Shaedon Sharpe,63
2022-23,POR,80,22.2,1.8,1.5,1.8,4.2,9.2,5.7,7.4,24.2,0.3,0.4,1.7,1.1,Shaedon Sharpe,63
2024-25,OKC,32,34.5,5.6,2.7,3.7,13.4,8.8,11.6,8.9,29.5,1.2,0.8,2.1,5.6,Shai Gilgeous-Alexander,2
2023-24,OKC,75,34.0,5.1,1.8,3.5,14.3,9.6,10.7,8.4,32.5,0.9,1.0,2.5,6.4,Shai Gilgeous-Alexander,2
2022-23,OKC,68,35.5,5.5,1.9,4.0,15.9,10.9,11.8,8.5,38.2,1.0,1.4,2.8,7.2,Shai Gilgeous-Alexander,2
2021-22,OKC,56,34.7,3.0,1.9,1.9,12.0,11.1,9.7,7.9,34.4,0.8,1.1,2.5,5.5,Shai Gilgeous-Alexander,2
2020-21,OKC,35,33.7,2.4,1.7,1.3,11.3,12.1,9.7,6.6,35.4,0.7,1.1,2.0,5.3,Shai Gilgeous-Alexander,2
2019-20,OKC,70,34.7,3.3,0.9,2.0,9.3,11.3,9.2,7.4,36.5,0.7,0.9,1.7,4.4,Shai Gilgeous-Alexander,2
2018-19,LAC,82,26.5,1.6,0.6,1.7,5.3,9.7,7.4,8.5,29.3,0.5,0.8,2.1,2.2,Shai Gilgeous-Alexander,2
2024-25,GSW,28,31.1,3.1,1.8,1.9,4.6,11.4,8.0,10.5,29.1,0.5,0.5,1.2,2.9,Stephen Curry,33
2023-24,GSW,74,32.7,3.5,2.6,2.3,5.9,12.2,8.8,11.0,34.2,0.4,0.7,1.6,3.6,Stephen Curry,33
2022-23,GSW,56,34.7,4.5,2.4,3.1,7.9,13.5,9.9,11.5,36.3,0.4,0.7,2.1,3.9,Stephen Curry,33
2021-22,GSW,64,34.5,4.1,2.2,3.2,6.0,12.4,9.2,9.1,32.3,0.4,0.6,2.0,3.5,Stephen Curry,33
2020-21,GSW,63,34.2,4.6,1.4,3.6,8.1,13.0,10.2,10.1,32.5,0.1,0.9,1.9,4.6,Stephen Curry,33
2019-20,GSW,5,27.9,1.8,2.6,3.4,6.0,12.0,6.2,12.4,31.6,0.4,0.8,2.2,3.8,Stephen Curry,33
2018-19,GSW,69,33.8,3.8,2.5,4.6,5.6,12.0,9.4,10.6,32.5,0.4,0.5,2.4,3.6,Stephen Curry,33
2017-18,GSW,51,32.0,4.3,1.6,4.4,5.4,12.4,9.0,9.9,32.5,0.2,0.4,2.2,4.1,Stephen Curry,33
2016-17,GSW,79,33.4,4.4,2.2,6.0,6.4,11.4,9.5,10.1,31.1,0.2,0.7,2.3,3.5,Stephen Curry,33
2015-16,GSW,79,34.2,4.8,2.4,6.4,8.1,11.6,9.3,10.2,31.1,0.2,0.7,2.0,4.5,Stephen Curry,33
2014-15,GSW,80,32.7,4.4,1.7,6.1,6.3,10.3,9.4,9.0,28.1,0.2,0.5,2.0,3.7,Stephen Curry,33
2013-14,GSW,78,36.5,3.9,1.4,4.9,4.9,12.9,9.9,9.7,30.5,0.2,0.4,2.5,4.0,Stephen Curry,33
2012-13,GSW,78,38.2,3.3,1.6,4.7,3.9,13.6,11.1,11.1,32.8,0.2,0.6,2.5,3.4,Stephen Curry,33
2011-12,GSW,26,28.1,2.8,1.1,2.1,2.1,9.1,9.8,8.1,24.1,0.3,0.3,2.4,1.6,Stephen Curry,33
2010-11,GSW,74,33.6,3.7,1.8,4.0,4.6,12.1,10.0,14.1,32.7,0.3,0.5,3.1,2.6,Stephen Curry,33
2009-10,GSW,80,36.2,3.5,1.5,4.1,4.3,14.1,12.5,14.0,36.6,0.2,0.6,3.2,2.6,Stephen Curry,33
2024-25,ATL,34,35.7,3.2,2.1,3.1,6.5,14.9,11.2,13.1,38.4,0.2,0.9,2.0,5.1,Trae Young,30
2023-24,ATL,54,36.0,3.6,1.4,2.3,7.5,12.2,11.6,13.6,43.3,0.2,1.0,2.0,6.4,Trae Young,30
2022-23,ATL,73,34.8,3.6,1.7,2.5,9.5,11.2,10.8,12.1,41.1,0.1,1.2,1.4,6.4,Trae Young,30
2021-22,ATL,76,34.9,4.0,1.9,2.2,8.9,11.0,9.4,9.1,35.6,0.1,1.2,1.7,5.9,Trae Young,30
2020-21,ATL,63,33.7,2.8,1.5,2.1,9.2,10.9,9.6,8.6,35.8,0.2,1.0,1.8,6.8,Trae Young,30
2019-20,ATL,60,35.3,3.9,1.8,3.1,9.8,14.6,11.3,11.4,41.9,0.1,1.3,1.7,7.7,Trae Young,30
2018-19,ATL,81,30.9,2.4,1.4,3.0,7.9,13.9,9.5,11.7,33.6,0.2,1.2,1.7,5.3,Trae Young,30
2024-25,NOP,23,34.1,4.1,1.8,4.0,7.1,14.3,10.3,14.9,38.3,0.7,0.5,2.3,3.2,Trey Murphy III,40
2023-24,NOP,57,29.7,2.4,1.4,3.1,3.5,8.9,7.2,7.9,28.8,0.5,0.3,1.2,1.8,Trey Murphy III,40
2022-23,NOP,79,31.0,3.2,1.5,3.5,4.4,12.0,8.5,9.0,32.9,0.5,0.3,2.0,1.6,Trey Murphy III,40
2021-22,NOP,62,13.9,1.0,1.2,0.9,1.2,4.9,3.5,3.7,12.8,0.1,0.2,1.0,0.7,Trey Murphy III,40
2024-25,MIA,31,35.3,3.8,1.9,3.4,7.9,11.9,9.4,11.1,36.3,0.1,1.1,1.5,2.8,Tyler Herro,22
2023-24,MIA,42,33.5,2.7,1.3,2.9,6.7,11.2,10.1,10.0,35.3,0.1,1.0,1.5,2.1,Tyler Herro,22
2022-23,MIA,67,34.9,3.5,1.9,1.8,6.3,10.7,8.7,9.4,34.1,0.2,0.8,1.5,1.9,Tyler Herro,22
2021-22,MIA,66,32.6,3.4,1.8,2.3,6.7,11.7,9.8,8.0,29.3,0.1,1.1,1.4,2.7,Tyler Herro,22
2020-21,MIA,54,30.3,2.3,1.3,1.7,5.1,10.7,9.0,6.4,26.9,0.3,0.7,1.3,1.7,Tyler Herro,22
2019-20,MIA,55,27.4,1.9,1.4,1.3,3.2,10.5,7.8,6.7,26.6,0.2,0.4,1.4,1.5,Tyler Herro,22
2024-25,IND,37,35.1,2.4,1.1,2.1,4.6,12.1,10.4,9.5,37.6,0.6,0.3,1.4,2.5,Tyrese Haliburton,60
2023-24,IND,69,32.2,2.7,1.4,2.5,6.5,9.8,10.2,9.3,40.6,0.7,0.8,1.1,2.4,Tyrese Haliburton,60
2022-23,IND,56,33.6,3.3,1.6,3.2,7.5,11.7,10.9,9.9,37.1,0.4,0.8,1.2,2.8,Tyrese Haliburton,60
2021-22,TOT,77,35.0,2.3,1.0,2.3,4.9,13.4,10.9,10.3,40.0,0.6,0.5,1.6,2.2,Tyrese Haliburton,60
2021-22,IND,26,36.1,2.3,1.4,2.7,6.1,14.1,11.5,11.2,42.5,0.6,0.4,1.9,2.7,Tyrese Haliburton,60
2021-22,SAC,51,34.4,2.4,0.8,2.1,4.3,13.1,10.5,9.8,38.7,0.7,0.5,1.4,2.0,Tyrese Haliburton,60
2020-21,SAC,58,30.1,2.1,0.8,1.8,4.4,11.2,9.5,8.5,35.2,0.5,0.3,1.4,0.9,Tyrese Haliburton,60
2024-25,PHI,25,37.4,6.4,1.8,4.8,10.3,13.1,10.0,11.9,38.3,0.4,1.4,2.4,4.3,Tyrese Maxey,11
2023-24,PHI,70,37.5,4.7,1.6,4.0,10.7,10.4,10.7,12.5,39.7,0.5,1.3,2.2,4.1,Tyrese Maxey,11
2022-23,PHI,60,33.6,3.4,0.8,3.9,7.7,11.2,7.6,10.3,33.0,0.1,0.6,2.2,2.7,Tyrese Maxey,11
2021-22,PHI,75,35.3,3.3,0.8,3.3,7.6,10.2,9.6,11.3,35.9,0.4,0.7,2.1,2.4,Tyrese Maxey,11
2020-21,PHI,61,15.3,1.5,0.6,1.4,4.2,5.4,4.1,4.8,14.8,0.2,0.4,1.3,1.0,Tyrese Maxey,11
2024-25,SAS,28,32.9,3.9,2.8,1.9,9.6,11.6,9.7,11.5,29.9,3.9,0.5,2.0,5.5,Victor Wembanyama,12
2023-24,SAS,71,29.7,3.1,2.8,2.6,10.1,11.7,8.0,8.6,32.4,3.6,0.4,2.2,5.4,Victor Wembanyama,12
2024-25,CHI,31,33.6,3.6,1.9,4.9,7.5,10.7,10.0,12.1,39.2,0.3,0.6,1.6,3.0,Zach LaVine,29
2023-24,CHI,25,34.9,3.1,1.5,3.4,6.5,9.8,11.2,9.8,30.7,0.3,0.8,2.3,2.8,Zach LaVine,29
2022-23,CHI,77,35.9,4.2,1.4,3.9,9.2,11.5,8.5,9.7,35.2,0.2,1.0,2.1,3.8,Zach LaVine,29
2021-22,CHI,67,34.7,4.2,1.4,3.0,8.3,11.2,9.4,8.6,34.7,0.3,0.9,1.8,4.0,Zach LaVine,29
2020-21,CHI,58,35.1,3.8,2.3,3.4,10.1,13.4,9.0,8.6,36.9,0.5,1.2,2.4,4.0,Zach LaVine,29
2019-20,CHI,60,34.8,4.5,2.2,3.5,10.1,13.6,9.9,9.2,37.2,0.5,1.4,2.2,4.1,Zach LaVine,29
2018-19,CHI,63,34.5,3.8,2.2,3.3,10.7,12.3,9.4,9.0,34.3,0.4,1.6,2.2,4.1,Zach LaVine,29
2017-18,CHI,24,27.3,2.5,1.5,2.5,6.3,9.4,5.5,6.5,27.5,0.2,1.3,2.3,2.8,Zach LaVine,29
2016-17,MIN,47,37.2,4.1,2.0,3.9,6.0,13.5,10.3,10.0,35.7,0.2,0.8,2.2,2.3,Zach LaVine,29
2015-16,MIN,82,28.0,2.6,1.1,3.3,5.2,11.6,7.4,8.0,27.6,0.2,0.7,2.4,1.9,Zach LaVine,29
2014-15,MIN,77,24.7,2.0,0.5,2.9,3.8,9.8,8.2,8.2,25.4,0.1,0.5,2.1,1.8,Zach LaVine,29
