Match Up,W/L,MIN,PTS,FGM,FGA,FG%,3:00 PM,3PA,3P%,FTM,FTA,FT%,OREB,DREB,REB,AST,STL,BLK,TOV,PF,#ERROR!,Team
"Jan 15, 2025 - MIA @ LAL",L,31:01:00,10,3,7,42.9,1,3,33.3,3,4,75,0,4,4,5,1,0,3,3,-10,MIA
"Jan 11, 2025 - MIA @ POR",W,30:10:00,13,6,13,46.2,1,2,50,0,0,0,3,8,11,6,1,0,1,3,7,
"Jan 09, 2025 - MIA @ UTA",W,28:43:00,15,6,13,46.2,1,2,50,2,4,50,2,5,7,3,3,2,1,1,0,
"Jan 07, 2025 - MIA @ GSW",W,29:48:00,19,9,14,64.3,1,1,100,0,1,0,3,6,9,5,2,1,1,1,18,
"Jan 06, 2025 - MIA @ SAC",L,44:57:00,18,6,19,31.6,1,5,20,5,6,83.3,2,10,12,2,4,1,2,2,-3,
"Jan 04, 2025 - MIA vs. UTA",L,25:33:00,4,0,6,0,0,1,0,4,6,66.7,1,7,8,2,1,1,3,1,-24,
"Jan 02, 2025 - MIA vs. IND",L,25:09:00,20,8,12,66.7,0,1,0,4,6,66.7,3,5,8,2,1,0,1,0,-13,
"Jan 01, 2025 - MIA vs. NOP",W,31:18:00,23,9,14,64.3,0,2,0,5,5,100,1,8,9,10,2,0,4,3,6,
"Dec 29, 2024 - MIA @ HOU",W,34:17:00,12,4,12,33.3,0,1,0,4,6,66.7,2,8,10,1,3,0,2,5,-1,
"Dec 28, 2024 - MIA @ ATL",L,36:32:00,17,8,17,47.1,0,2,0,1,1,100,3,7,10,2,1,2,2,3,-1,
"Dec 26, 2024 - MIA @ ORL",W,35:13:00,4,2,10,20,0,1,0,0,0,0,3,6,9,7,0,5,4,4,-3,
"Dec 23, 2024 - MIA vs. BKN",W,30:31:00,23,8,12,66.7,0,2,0,7,8,87.5,0,7,7,7,1,0,2,1,8,
"Dec 21, 2024 - MIA @ ORL",L,34:20:00,23,8,15,53.3,0,4,0,7,11,63.6,1,5,6,0,2,0,4,2,-35,
"Dec 20, 2024 - MIA vs. OKC",L,35:50:00,17,7,11,63.6,0,1,0,3,6,50,3,7,10,1,1,1,6,2,5,
"Dec 16, 2024 - MIA @ DET",L,40:44:00,15,6,12,50,1,3,33.3,2,2,100,1,7,8,3,1,0,1,1,-10,
"Dec 12, 2024 - MIA vs. TOR",W,34:31:00,21,8,17,47.1,1,3,33.3,4,6,66.7,3,13,16,5,0,1,1,2,7,
"Dec 08, 2024 - MIA vs. CLE",W,36:02:00,16,7,14,50,2,4,50,0,0,0,1,12,13,6,0,1,1,2,20,
"Dec 07, 2024 - MIA vs. PHX",W,34:13:00,25,9,16,56.3,1,4,25,6,8,75,4,8,12,8,1,0,4,3,22,
"Dec 04, 2024 - MIA vs. LAL",W,24:36:00,14,6,8,75,0,1,0,2,3,66.7,0,10,10,7,1,1,2,1,22,
"Dec 02, 2024 - MIA @ BOS",L,33:22:00,15,6,18,33.3,1,4,25,2,2,100,2,6,8,5,1,0,3,1,-17,
"Dec 01, 2024 - MIA @ TOR",L,38:36:00,13,5,13,38.5,1,2,50,2,2,100,4,16,20,7,1,0,5,3,15,
"Nov 29, 2024 - MIA vs. TOR",W,34:36:00,14,6,16,37.5,2,6,33.3,0,1,0,2,8,10,10,3,0,1,2,0,
"Nov 27, 2024 - MIA @ CHA",W,36:03:00,8,3,8,37.5,0,2,0,2,2,100,1,9,10,10,2,0,3,1,5,
"Nov 26, 2024 - MIA vs. MIL",L,31:26:00,16,6,9,66.7,1,2,50,3,4,75,1,4,5,5,1,0,1,5,-14,
"Nov 24, 2024 - MIA vs. DAL",W,37:33:00,19,8,20,40,3,6,50,0,0,0,3,8,11,5,0,0,2,2,4,
"Nov 18, 2024 - MIA vs. PHI",W,31:39:00,5,2,8,25,1,2,50,0,0,0,0,13,13,3,2,1,3,4,11,
"Nov 17, 2024 - MIA @ IND",L,39:41:00,24,9,18,50,2,4,50,4,5,80,6,2,8,2,0,0,2,1,-9,
"Nov 15, 2024 - MIA @ IND",W,38:46:00,30,10,17,58.8,2,3,66.7,8,9,88.9,1,10,11,7,5,0,2,2,22,
"Nov 12, 2024 - MIA @ DET",L,43:33:00,20,8,13,61.5,1,1,100,3,5,60,6,6,12,3,0,1,1,1,1,
"Nov 10, 2024 - MIA @ MIN",W,38:57:00,9,3,11,27.3,0,2,0,3,6,50,0,7,7,7,1,3,4,2,12,
"Nov 08, 2024 - MIA @ DEN",L,38:42:00,20,7,18,38.9,1,5,20,5,6,83.3,2,7,9,4,2,0,3,3,-9,
"Nov 06, 2024 - MIA @ PHX",L,34:26:00,12,5,21,23.8,0,1,0,2,2,100,7,5,12,6,5,1,1,2,0,
"Nov 04, 2024 - MIA vs. SAC",L,35:58:00,16,7,15,46.7,0,1,0,2,5,40,3,5,8,5,3,4,0,1,-3,
"Nov 02, 2024 - MIA @ WAS",W,30:58:00,32,12,24,50,3,5,60,5,6,83.3,5,9,14,2,1,1,1,3,25,
"Oct 30, 2024 - MIA vs. NYK",L,32:53:00,11,3,7,42.9,0,2,0,5,6,83.3,1,2,3,4,1,0,1,3,-9,
"Oct 28, 2024 - MIA vs. DET",W,34:46:00,12,5,9,55.6,0,2,0,2,4,50,1,9,10,4,3,3,1,1,-3,
"Oct 26, 2024 - MIA @ CHA",W,32:37:00,12,6,17,35.3,0,2,0,0,1,0,4,7,11,3,1,1,1,1,0,
"Oct 23, 2024 - MIA vs. ORL",L,25:31:00,9,1,5,20,0,2,0,7,10,70,3,2,5,1,0,0,0,1,-30,
"Apr 14, 2024 - MIA vs. TOR",W,19:29,17,8,10,80,0,1,0,1,1,100,3,3,6,2,3,1,4,1,12,
"Apr 12, 2024 - MIA vs. TOR",W,25:24:00,19,8,10,80,1,2,50,2,4,50,1,5,6,3,0,0,0,1,9,
"Apr 10, 2024 - MIA vs. DAL",L,29:41:00,8,3,13,23.1,0,2,0,2,2,100,2,1,3,0,0,0,0,2,-20,
"Apr 09, 2024 - MIA @ ATL",W,47:41:00,10,4,8,50,2,2,100,0,0,0,0,7,7,7,3,1,5,2,12,
"Apr 07, 2024 - MIA @ IND",L,37:01:00,20,8,18,44.4,1,4,25,3,4,75,3,9,12,3,0,1,1,5,7,
"Apr 05, 2024 - MIA @ HOU",W,33:20:00,18,7,12,58.3,0,0,0,4,4,100,2,10,12,6,1,1,1,2,16,
"Apr 04, 2024 - MIA vs. PHI",L,29:26:00,14,6,15,40,1,1,100,1,1,100,4,7,11,3,0,1,2,2,-29,
"Apr 02, 2024 - MIA vs. NYK",W,32:32:00,15,6,9,66.7,0,0,0,3,4,75,2,7,9,1,1,0,1,0,13,
"Mar 31, 2024 - MIA @ WAS",W,37:20:00,22,6,12,50,0,2,0,10,12,83.3,0,10,10,5,2,1,5,2,10,
"Mar 29, 2024 - MIA vs. POR",W,26:13:00,21,9,12,75,2,3,66.7,1,3,33.3,0,12,12,9,2,1,4,3,29,
"Mar 26, 2024 - MIA vs. GSW",L,38:36:00,24,10,21,47.6,1,3,33.3,3,4,75,3,6,9,5,1,1,1,1,-4,
"Mar 24, 2024 - MIA vs. CLE",W,27:42:00,15,7,11,63.6,0,1,0,1,2,50,3,13,16,3,5,0,1,0,27,
"Mar 22, 2024 - MIA vs. NOP",L,29:48:00,12,4,7,57.1,1,2,50,3,4,75,1,9,10,1,0,2,0,1,-16,
"Mar 18, 2024 - MIA @ PHI",L,31:53:00,20,8,10,80,2,2,100,2,2,100,3,10,13,6,0,0,4,1,-19,
"Mar 17, 2024 - MIA @ DET",W,37:33:00,20,9,13,69.2,1,1,100,1,2,50,4,13,17,3,1,0,3,2,5,
"Mar 15, 2024 - MIA @ DET",W,28:56:00,22,10,14,71.4,1,1,100,1,3,33.3,3,6,9,2,2,3,0,1,17,
"Mar 13, 2024 - MIA vs. DEN",L,34:21:00,17,7,15,46.7,1,1,100,2,4,50,1,12,13,3,1,1,0,2,-12,
"Mar 10, 2024 - MIA vs. WAS",L,34:59:00,16,7,14,50,0,0,0,2,6,33.3,7,9,16,2,2,1,0,3,-9,
"Mar 08, 2024 - MIA @ OKC",L,30:46:00,5,1,9,11.1,0,0,0,3,4,75,4,6,10,4,1,2,4,1,-18,
"Mar 07, 2024 - MIA @ DAL",L,37:22:00,14,5,14,35.7,0,2,0,4,8,50,1,8,9,5,3,0,1,1,-5,
"Mar 05, 2024 - MIA vs. DET",W,35:11:00,18,8,17,47.1,0,0,0,2,3,66.7,2,5,7,1,1,1,1,2,8,
"Mar 02, 2024 - MIA vs. UTA",W,34:13:00,23,10,15,66.7,0,0,0,3,4,75,2,5,7,3,0,0,0,2,2,
"Feb 29, 2024 - MIA @ DEN",L,35:41:00,22,8,18,44.4,0,0,0,6,6,100,1,7,8,3,1,0,1,5,-3,
"Feb 27, 2024 - MIA @ POR",W,33:45:00,13,5,9,55.6,0,0,0,3,7,42.9,1,8,9,2,0,1,6,3,4,
"Feb 26, 2024 - MIA @ SAC",W,36:02:00,28,11,18,61.1,0,1,0,6,7,85.7,2,8,10,7,2,1,5,1,11,
"Feb 23, 2024 - MIA @ NOP",W,36:26:00,24,11,18,61.1,0,0,0,2,4,50,1,6,7,1,1,3,3,2,6,
"Feb 14, 2024 - MIA @ PHI",W,39:22:00,23,9,14,64.3,0,0,0,5,5,100,3,10,13,4,2,0,2,2,1,
"Feb 13, 2024 - MIA @ MIL",W,31:16:00,16,8,14,57.1,0,0,0,0,0,0,5,7,12,11,2,0,3,2,30,
"Feb 11, 2024 - MIA vs. BOS",L,34:23:00,22,7,18,38.9,0,0,0,8,8,100,3,10,13,4,2,2,2,2,3,
"Feb 07, 2024 - MIA vs. SAS",W,28:47:00,20,10,14,71.4,0,0,0,0,2,0,0,5,5,2,1,0,1,4,17,
"Feb 06, 2024 - MIA vs. ORL",W,29:43:00,14,7,9,77.8,0,0,0,0,0,0,2,6,8,3,0,1,3,3,32,
"Feb 04, 2024 - MIA vs. LAC",L,35:04:00,14,5,13,38.5,0,0,0,4,4,100,4,9,13,3,3,0,2,1,-8,
"Feb 02, 2024 - MIA @ WAS",W,32:51:00,20,8,14,57.1,0,0,0,4,7,57.1,2,12,14,1,0,1,4,3,-8,
"Jan 31, 2024 - MIA vs. SAC",W,31:37:00,16,8,14,57.1,0,0,0,0,0,0,2,9,11,4,0,0,0,4,2,
"Jan 29, 2024 - MIA vs. PHX",L,35:10:00,8,3,9,33.3,0,0,0,2,2,100,0,11,11,5,1,3,4,2,3,
"Jan 27, 2024 - MIA @ NYK",L,33:12:00,12,6,10,60,0,0,0,0,0,0,3,10,13,1,0,0,2,1,-20,
"Jan 25, 2024 - MIA vs. BOS",L,28:46:00,19,8,14,57.1,0,0,0,3,4,75,1,4,5,2,1,1,0,0,-28,
"Jan 24, 2024 - MIA vs. MEM",L,39:31:00,15,4,13,30.8,0,1,0,7,11,63.6,3,12,15,6,1,6,0,3,3,
"Jan 21, 2024 - MIA @ ORL",L,34:24:00,22,8,17,47.1,0,1,0,6,6,100,6,5,11,7,2,0,5,3,-15,
"Jan 19, 2024 - MIA vs. ATL",L,38:53:00,21,7,15,46.7,0,0,0,7,8,87.5,2,7,9,6,1,0,3,4,8,
"Jan 17, 2024 - MIA @ TOR",L,35:49:00,16,7,13,53.8,0,0,0,2,3,66.7,1,4,5,4,1,0,2,3,-23,
"Jan 15, 2024 - MIA @ BKN",W,43:49:00,11,5,17,29.4,0,1,0,1,2,50,2,18,20,4,1,1,2,2,-3,
"Jan 14, 2024 - MIA vs. CHA",W,35:23:00,24,9,17,52.9,0,1,0,6,8,75,0,10,10,7,0,1,2,3,5,
"Jan 12, 2024 - MIA vs. ORL",W,39:25:00,21,8,17,47.1,0,0,0,5,6,83.3,4,7,11,7,0,1,4,3,17,
"Jan 10, 2024 - MIA vs. OKC",L,36:44:00,25,9,16,56.3,0,0,0,7,7,100,5,6,11,6,0,2,1,1,-6,
"Jan 08, 2024 - MIA vs. HOU",W,31:38:00,22,9,12,75,0,0,0,4,7,57.1,1,11,12,3,1,0,3,4,12,
"Jan 05, 2024 - MIA @ PHX",L,36:06:00,28,11,19,57.9,0,0,0,6,7,85.7,2,8,10,1,0,1,1,2,-16,
"Jan 03, 2024 - MIA @ LAL",W,38:08:00,15,5,14,35.7,0,1,0,5,6,83.3,3,4,7,5,3,0,2,4,12,
"Jan 01, 2024 - MIA @ LAC",L,35:45:00,21,6,17,35.3,0,2,0,9,13,69.2,3,12,15,4,0,0,3,3,-12,
"Dec 30, 2023 - MIA @ UTA",L,36:30:00,28,7,13,53.8,0,0,0,14,20,70,3,13,16,3,3,3,4,1,-3,
"Apr 09, 2023 - MIA vs. ORL",W,7:55,4,2,3,66.7,0,0,0,0,0,0,2,1,3,1,1,0,0,0,1,
"Apr 06, 2023 - MIA @ PHI",W,23:57,14,7,11,63.6,0,0,0,0,0,0,4,4,8,1,0,0,0,0,7,
"Apr 04, 2023 - MIA @ DET",W,31:02:00,18,6,10,60,0,0,0,6,6,100,2,2,4,2,2,0,1,3,6,
"Mar 29, 2023 - MIA @ NYK",L,35:24:00,9,4,10,40,0,0,0,1,2,50,0,11,11,4,1,0,3,2,-6,
"Mar 28, 2023 - MIA @ TOR",L,36:32:00,21,7,18,38.9,0,0,0,7,8,87.5,5,7,12,4,1,0,0,2,-6,
"Mar 25, 2023 - MIA vs. BKN",L,34:37:00,16,8,14,57.1,0,0,0,0,0,0,4,3,7,2,1,1,4,3,-24,
"Mar 22, 2023 - MIA vs. NYK",W,39:30:00,15,5,11,45.5,0,0,0,5,6,83.3,2,5,7,3,1,1,3,3,0,
"Mar 19, 2023 - MIA @ DET",W,39:30:00,22,7,12,58.3,0,0,0,8,9,88.9,1,9,10,5,0,3,3,2,12,
"Mar 18, 2023 - MIA @ CHI",L,34:00:00,23,9,17,52.9,0,0,0,5,8,62.5,4,3,7,4,2,0,3,3,3,
"Mar 15, 2023 - MIA vs. MEM",W,33:11:00,26,10,15,66.7,0,0,0,6,8,75,2,6,8,3,0,3,3,3,20,
"Mar 13, 2023 - MIA vs. UTA",W,36:56:00,16,5,10,50,0,0,0,6,8,75,2,7,9,3,1,1,3,2,5,
"Mar 11, 2023 - MIA @ ORL",L,42:02:00,14,7,17,41.2,0,0,0,0,0,0,1,6,7,3,0,0,4,3,-10,
"Mar 10, 2023 - MIA vs. CLE",W,37:19:00,19,8,12,66.7,0,0,0,3,4,75,0,6,6,4,3,0,4,5,4,
"Mar 08, 2023 - MIA vs. CLE",L,28:43:00,17,8,11,72.7,0,0,0,1,2,50,1,0,1,1,0,2,3,5,-4,
"Mar 06, 2023 - MIA vs. ATL",W,36:05:00,16,5,9,55.6,0,0,0,6,6,100,0,6,6,5,3,1,2,4,-1,
"Mar 04, 2023 - MIA vs. ATL",W,35:32:00,30,10,12,83.3,0,0,0,10,12,83.3,3,8,11,5,1,2,2,3,16,
"Mar 03, 2023 - MIA vs. NYK",L,38:30:00,18,7,16,43.8,0,0,0,4,4,100,0,4,4,4,1,2,2,4,4,
"Mar 01, 2023 - MIA vs. PHI",L,29:55:00,20,8,13,61.5,0,0,0,4,4,100,2,6,8,2,1,0,2,0,-17,
"Feb 27, 2023 - MIA @ PHI",W,32:14:00,13,4,14,28.6,0,0,0,5,6,83.3,2,5,7,2,1,1,5,3,-7,
"Feb 25, 2023 - MIA @ CHA",L,31:17:00,14,6,14,42.9,0,0,0,2,3,66.7,2,4,6,4,2,0,2,5,-15,
"Feb 24, 2023 - MIA @ MIL",L,25:02:00,18,8,17,47.1,0,1,0,2,4,50,1,6,7,1,1,0,2,1,-18,
"Feb 15, 2023 - MIA @ BKN",L,37:48:00,24,10,19,52.6,0,0,0,4,7,57.1,2,11,13,6,0,2,2,2,-17,
"Feb 13, 2023 - MIA vs. DEN",L,34:26:00,19,6,14,42.9,0,0,0,7,7,100,0,2,2,2,2,1,1,2,-6,
"Feb 11, 2023 - MIA @ ORL",W,43:23:00,13,5,10,50,0,1,0,3,4,75,1,16,17,6,2,1,4,2,13,
"Feb 10, 2023 - MIA vs. HOU",W,33:58:00,20,7,11,63.6,0,0,0,6,7,85.7,1,8,9,3,2,1,3,5,21,
"Feb 08, 2023 - MIA vs. IND",W,36:55:00,38,12,16,75,0,0,0,14,14,100,2,7,9,3,1,0,2,2,2,
"Feb 04, 2023 - MIA @ MIL",L,35:44:00,16,7,15,46.7,0,0,0,2,2,100,4,7,11,8,2,0,1,3,0,
"Feb 02, 2023 - MIA @ NYK",L,37:37:00,32,11,16,68.8,0,0,0,10,11,90.9,1,8,9,3,2,1,0,1,5,
"Jan 31, 2023 - MIA @ CLE",W,37:13:00,18,7,13,53.8,0,0,0,4,6,66.7,4,7,11,1,0,0,0,3,-6,
"Jan 29, 2023 - MIA @ CHA",L,35:58:00,17,8,15,53.3,0,0,0,1,4,25,2,2,4,6,3,0,2,0,5,
"Jan 27, 2023 - MIA vs. ORL",W,36:32:00,20,7,14,50,0,0,0,6,7,85.7,0,6,6,7,1,1,2,5,4,
"Jan 24, 2023 - MIA vs. BOS",W,37:20:00,30,12,22,54.5,0,0,0,6,8,75,4,11,15,1,2,1,3,2,3,
"Jan 22, 2023 - MIA vs. NOP",W,34:35:00,18,7,12,58.3,0,0,0,4,4,100,3,6,9,2,2,0,2,1,-2,
"Jan 20, 2023 - MIA @ DAL",L,34:49:00,18,7,14,50,0,0,0,4,6,66.7,2,9,11,4,0,0,2,2,-18,
"Jan 18, 2023 - MIA @ NOP",W,30:34:00,26,11,15,73.3,0,0,0,4,6,66.7,3,5,8,1,2,1,2,2,16,
"Jan 16, 2023 - MIA @ ATL",L,36:10:00,20,9,19,47.4,0,0,0,2,2,100,6,7,13,5,3,3,3,3,6,
"Jan 14, 2023 - MIA vs. MIL",W,30:58:00,20,9,19,47.4,0,0,0,2,4,50,3,10,13,2,0,2,1,3,18,
"Jan 12, 2023 - MIA vs. MIL",W,34:08:00,24,11,19,57.9,0,0,0,2,2,100,2,10,12,1,2,1,0,2,8,
"Jan 08, 2023 - MIA vs. BKN",L,28:15:00,10,5,15,33.3,0,0,0,0,3,0,4,4,8,2,0,1,0,1,-25,
"Jan 06, 2023 - MIA @ PHX",W,38:15:00,21,10,15,66.7,0,0,0,1,4,25,1,10,11,2,2,1,1,1,17,
"Jan 04, 2023 - MIA @ LAL",L,37:51:00,30,13,23,56.5,0,0,0,4,5,80,6,7,13,3,2,3,2,2,2,
"Jan 02, 2023 - MIA @ LAC",W,36:53:00,31,12,19,63.2,0,0,0,7,8,87.5,5,8,13,1,1,1,3,2,11,
"Dec 31, 2022 - MIA @ UTA",W,36:05:00,32,11,17,64.7,0,0,0,10,13,76.9,5,3,8,5,1,0,2,5,6,
"Dec 30, 2022 - MIA @ DEN",L,30:14:00,22,6,14,42.9,0,0,0,10,11,90.9,4,3,7,2,4,2,4,3,-4,
"Dec 28, 2022 - MIA vs. LAL",W,39:14:00,23,10,16,62.5,0,0,0,3,6,50,5,9,14,0,1,2,1,4,24,
"Dec 23, 2022 - MIA vs. IND",L,37:44:00,18,8,19,42.1,0,0,0,2,2,100,5,2,7,3,0,0,3,2,1,
"Dec 20, 2022 - MIA vs. CHI",L,36:41:00,27,12,15,80,0,0,0,3,4,75,3,9,12,6,0,0,3,1,-18,
"Dec 17, 2022 - MIA @ SAS",W,35:51:00,22,11,18,61.1,0,0,0,0,0,0,4,9,13,3,1,0,4,4,29,
"Dec 14, 2022 - MIA @ OKC",W,33:05:00,15,5,13,38.5,0,0,0,5,6,83.3,2,11,13,3,2,0,5,6,-14,
"Dec 12, 2022 - MIA @ IND",W,35:18:00,22,8,18,44.4,0,0,0,6,7,85.7,2,15,17,3,2,1,4,2,1,
"Apr 08, 2022 - MIA vs. ATL",W,32:51:00,24,8,14,57.1,0,0,0,8,10,80,2,4,6,4,2,0,1,2,6,
"Apr 05, 2022 - MIA vs. CHA",W,30:37:00,22,7,10,70,0,0,0,8,9,88.9,2,7,9,3,1,1,1,2,9,
"Apr 03, 2022 - MIA @ TOR",W,36:11:00,16,6,12,50,0,0,0,4,9,44.4,2,7,9,1,0,0,2,3,10,
"Apr 02, 2022 - MIA @ CHI",W,25:50:00,16,7,9,77.8,0,0,0,2,2,100,0,7,7,3,0,0,4,3,14,
"Mar 30, 2022 - MIA @ BOS",W,33:25:00,17,5,10,50,0,0,0,7,9,77.8,3,9,12,8,2,0,1,3,12,
"Mar 28, 2022 - MIA vs. SAC",W,31:42:00,22,10,16,62.5,0,0,0,2,2,100,4,11,15,1,2,1,2,3,24,
"Mar 26, 2022 - MIA vs. BKN",L,24:07:00,14,5,8,62.5,0,1,0,4,6,66.7,2,4,6,2,1,2,4,3,-21,
"Mar 25, 2022 - MIA vs. NYK",L,31:55:00,17,6,7,85.7,0,0,0,5,7,71.4,3,6,9,1,1,1,1,4,-14,
"Mar 23, 2022 - MIA vs. GSW",L,33:53:00,25,9,16,56.3,0,0,0,7,10,70,5,4,9,4,1,0,4,1,-10,
"Mar 21, 2022 - MIA @ PHI",L,36:23:00,22,9,14,64.3,0,0,0,4,4,100,2,7,9,2,1,3,4,2,-1,
"Mar 18, 2022 - MIA vs. OKC",W,24:33:00,19,8,10,80,0,0,0,3,3,100,2,7,9,3,1,0,0,2,25,
"Mar 15, 2022 - MIA vs. DET",W,24:18:00,16,4,8,50,0,0,0,8,10,80,0,8,8,3,0,0,2,4,25,
"Mar 12, 2022 - MIA vs. MIN",L,33:28:00,19,7,12,58.3,0,0,0,5,9,55.6,2,10,12,4,3,0,4,2,0,
"Mar 11, 2022 - MIA vs. CLE",W,32:43:00,30,11,16,68.8,0,0,0,8,8,100,2,15,17,1,3,1,3,4,12,
"Mar 09, 2022 - MIA vs. PHX",L,29:54:00,17,7,11,63.6,0,0,0,3,3,100,0,6,6,5,1,1,4,1,-6,
"Mar 07, 2022 - MIA vs. HOU",W,29:59:00,18,8,15,53.3,0,0,0,2,2,100,3,7,10,1,0,1,2,4,11,
"Mar 05, 2022 - MIA vs. PHI",W,31:21:00,6,3,10,30,0,0,0,0,0,0,2,8,10,2,1,0,1,4,6,
"Mar 03, 2022 - MIA @ BKN",W,33:03:00,30,12,15,80,0,0,0,6,8,75,0,11,11,6,2,0,4,5,12,
"Mar 02, 2022 - MIA @ MIL",L,37:00:00,18,8,17,47.1,0,0,0,2,4,50,1,11,12,4,2,0,0,5,-3,
"Feb 28, 2022 - MIA vs. CHI",W,28:32:00,15,6,8,75,0,0,0,3,4,75,1,6,7,5,2,2,2,4,20,
"Feb 26, 2022 - MIA vs. SAS",W,34:27:00,36,14,21,66.7,0,0,0,8,12,66.7,0,7,7,4,2,3,2,3,-3,
"Feb 25, 2022 - MIA @ NYK",W,34:56:00,16,5,10,50,0,1,0,6,8,75,2,14,16,4,1,4,1,1,5,
"Feb 17, 2022 - MIA @ CHA",W,43:49:00,15,5,12,41.7,0,1,0,5,10,50,5,8,13,5,0,3,3,2,19,
"Feb 15, 2022 - MIA vs. DAL",L,33:03:00,21,10,19,52.6,0,0,0,1,2,50,4,8,12,3,0,2,1,4,0,
"Feb 12, 2022 - MIA vs. BKN",W,37:02:00,19,8,12,66.7,0,0,0,3,5,60,2,12,14,4,1,0,5,3,22,
"Feb 10, 2022 - MIA @ NOP",W,35:43:00,29,13,21,61.9,0,0,0,3,4,75,6,4,10,1,3,0,1,1,25,
"Feb 07, 2022 - MIA @ WAS",W,24:13:00,21,7,11,63.6,0,0,0,7,8,87.5,1,6,7,4,1,0,3,3,10,
"Feb 05, 2022 - MIA @ CHA",W,27:37:00,20,7,21,33.3,0,0,0,6,7,85.7,3,9,12,3,3,2,3,1,17,
"Feb 03, 2022 - MIA @ SAS",W,30:33:00,18,7,13,53.8,0,1,0,4,6,66.7,2,9,11,3,4,0,1,4,26,
"Feb 01, 2022 - MIA @ TOR",L,35:28:00,32,13,17,76.5,0,1,0,6,7,85.7,4,7,11,2,2,1,2,4,-2,
"Jan 31, 2022 - MIA @ BOS",L,31:37:00,12,5,11,45.5,0,0,0,2,3,66.7,2,3,5,5,3,1,2,4,-20,
"Jan 29, 2022 - MIA vs. TOR",L,45:26:00,14,5,12,41.7,0,0,0,4,7,57.1,7,9,16,1,3,2,6,5,-8,
"Jan 28, 2022 - MIA vs. LAC",W,35:59:00,20,7,14,50,0,0,0,6,7,85.7,2,10,12,4,1,0,3,1,11,
"Jan 26, 2022 - MIA vs. NYK",W,30:51:00,6,3,7,42.9,0,0,0,0,0,0,3,5,8,11,2,1,3,3,18,
"Jan 23, 2022 - MIA vs. LAL",W,32:50:00,14,6,10,60,0,0,0,2,2,100,1,7,8,5,1,1,5,6,8,
"Jan 21, 2022 - MIA @ ATL",L,33:57:00,21,7,13,53.8,0,0,0,7,7,100,1,5,6,5,1,1,3,3,8,
"Jan 19, 2022 - MIA vs. POR",W,32:27:00,20,8,12,66.7,0,0,0,4,7,57.1,2,9,11,4,5,3,3,2,-1,
"Jan 17, 2022 - MIA vs. TOR",W,31:41:00,14,4,12,33.3,0,0,0,6,7,85.7,3,6,9,2,1,1,2,1,6,
"Nov 29, 2021 - MIA vs. DEN",L,35:06:00,24,11,19,57.9,0,0,0,2,4,50,6,7,13,6,0,0,5,5,-9,
"Nov 27, 2021 - MIA @ CHI",W,33:01:00,9,4,9,44.4,0,0,0,1,2,50,1,6,7,6,1,0,1,2,7,
"Nov 24, 2021 - MIA @ MIN",L,36:19:00,18,7,10,70,0,0,0,4,11,36.4,2,3,5,3,1,0,4,4,-8,
"Nov 23, 2021 - MIA @ DET",W,30:59:00,15,6,10,60,0,0,0,3,6,50,3,6,9,5,1,0,2,2,-6,
"Nov 20, 2021 - MIA @ WAS",L,29:26:00,15,5,12,41.7,0,1,0,5,6,83.3,4,2,6,3,0,0,3,5,-6,
"Nov 18, 2021 - MIA vs. WAS",W,30:10:00,20,9,16,56.3,0,0,0,2,2,100,4,5,9,2,0,0,2,4,16,
"Nov 13, 2021 - MIA @ UTA",W,36:45:00,13,4,11,36.4,0,0,0,5,5,100,3,4,7,7,1,1,1,4,-1,
"Nov 11, 2021 - MIA @ LAC",L,39:52:00,30,12,18,66.7,0,0,0,6,8,75,4,7,11,0,1,1,2,3,-5,
"Nov 10, 2021 - MIA @ LAL",L,33:36:00,28,9,20,45,0,0,0,10,11,90.9,2,8,10,4,6,0,4,6,3,
"Nov 08, 2021 - MIA @ DEN",L,31:04:00,10,3,10,30,0,0,0,4,6,66.7,0,10,10,2,1,0,2,2,-17,
"Nov 06, 2021 - MIA vs. UTA",W,35:43:00,17,7,12,58.3,0,0,0,3,4,75,2,4,6,6,1,0,5,4,4,
"Nov 04, 2021 - MIA vs. BOS",L,29:47:00,13,4,8,50,0,0,0,5,6,83.3,1,6,7,4,2,0,5,2,-12,
"May 15, 2021 - MIA @ MIL",L,33:13:00,5,2,9,22.2,0,0,0,1,1,100,1,7,8,8,2,0,2,1,-7,
"May 13, 2021 - MIA vs. PHI",W,34:36:00,18,9,13,69.2,0,0,0,0,0,0,3,9,12,8,0,1,1,1,8,
"May 11, 2021 - MIA @ BOS",W,34:33:00,22,10,15,66.7,0,0,0,2,3,66.7,2,5,7,5,1,2,4,4,8,
"May 09, 2021 - MIA @ BOS",W,33:15:00,20,5,5,100,0,0,0,10,11,90.9,1,5,6,3,2,0,3,4,-3,
"May 07, 2021 - MIA vs. MIN",W,32:46:00,15,6,10,60,0,0,0,3,4,75,0,4,4,4,2,2,2,4,-4,
"May 04, 2021 - MIA vs. DAL",L,30:22:00,11,4,10,40,0,0,0,3,6,50,3,6,9,11,2,0,3,1,-22,
"May 02, 2021 - MIA @ CHA",W,33:32:00,20,9,13,69.2,0,0,0,2,3,66.7,2,5,7,10,1,0,3,2,5,
"May 01, 2021 - MIA @ CLE",W,33:00:00,13,6,13,46.2,0,0,0,1,2,50,2,8,10,6,4,0,0,2,23,
"Apr 28, 2021 - MIA vs. SAS",W,32:05:00,21,7,11,63.6,0,0,0,7,8,87.5,4,7,11,2,1,0,2,4,-6,
"Apr 26, 2021 - MIA vs. CHI",L,36:53:00,23,9,14,64.3,0,0,0,5,6,83.3,2,4,6,2,2,2,1,1,-16,
"Apr 24, 2021 - MIA vs. CHI",W,35:04:00,20,7,13,53.8,0,0,0,6,7,85.7,2,4,6,10,2,0,1,2,0,
"Apr 23, 2021 - MIA @ ATL",L,36:25:00,16,6,12,50,0,0,0,4,6,66.7,0,3,3,5,3,1,5,2,-6,
"Apr 21, 2021 - MIA @ SAS",W,31:23:00,23,8,12,66.7,0,0,0,7,8,87.5,1,7,8,5,3,1,1,1,1,
"Apr 18, 2021 - MIA vs. BKN",W,32:39:00,21,9,16,56.3,0,0,0,3,5,60,5,10,15,5,2,0,7,3,9,
"Apr 16, 2021 - MIA @ MIN",L,33:16:00,17,7,8,87.5,0,0,0,3,5,60,0,4,4,4,0,0,2,4,-6,
"Apr 14, 2021 - MIA @ DEN",L,30:20:00,21,7,16,43.8,0,0,0,7,8,87.5,1,5,6,2,2,2,6,1,-13,
"Apr 13, 2021 - MIA @ PHX",L,33:07:00,11,4,6,66.7,0,0,0,3,4,75,4,6,10,5,3,1,4,2,2,
"Apr 11, 2021 - MIA @ POR",W,34:49:00,22,9,14,64.3,0,0,0,4,8,50,0,3,3,2,2,0,2,2,-1,
"Apr 08, 2021 - MIA vs. LAL",W,28:15:00,13,6,12,50,0,0,0,1,3,33.3,2,5,7,4,0,2,2,5,3,
"Apr 06, 2021 - MIA vs. MEM",L,33:20:00,18,9,14,64.3,0,0,0,0,3,0,2,8,10,10,3,0,0,2,-8,
"Apr 03, 2021 - MIA vs. CLE",W,30:31:00,18,9,12,75,0,1,0,0,0,0,2,9,11,5,1,1,1,0,13,
"Apr 01, 2021 - MIA vs. GSW",W,30:28:00,19,5,13,38.5,0,0,0,9,9,100,1,7,8,6,0,1,3,3,9,
"Mar 31, 2021 - MIA @ IND",W,34:53:00,16,4,10,40,0,0,0,8,12,66.7,3,5,8,7,1,2,2,2,16,
"Mar 29, 2021 - MIA @ NYK",W,37:29:00,20,9,17,52.9,0,0,0,2,3,66.7,7,10,17,4,1,2,1,0,10,
"Mar 26, 2021 - MIA @ CHA",L,35:00:00,17,7,11,63.6,0,0,0,3,6,50,1,7,8,2,2,0,1,1,-5,
"Mar 25, 2021 - MIA vs. POR",L,31:57:00,29,13,16,81.3,0,0,0,3,3,100,2,7,9,7,0,5,2,1,11,
"Mar 23, 2021 - MIA vs. PHX",L,32:24:00,16,4,9,44.4,0,0,0,8,9,88.9,3,5,8,6,0,1,1,1,-15,
"Mar 21, 2021 - MIA vs. IND",L,36:20:00,29,11,21,52.4,0,1,0,7,8,87.5,2,8,10,2,2,3,4,1,22,
"Mar 19, 2021 - MIA vs. IND",L,26:19:00,20,8,11,72.7,0,0,0,4,5,80,3,5,8,5,1,1,0,2,-7,
"Mar 17, 2021 - MIA @ MEM",L,35:14:00,15,5,11,45.5,0,0,0,5,6,83.3,2,10,12,6,1,0,3,4,14,
"Mar 16, 2021 - MIA vs. CLE",W,29:43:00,14,6,14,42.9,0,0,0,2,3,66.7,7,2,9,6,0,2,2,2,-3,
"Mar 02, 2021 - MIA vs. ATL",L,32:59:00,11,3,8,37.5,0,0,0,5,6,83.3,0,2,2,3,0,0,1,0,-5,
"Feb 28, 2021 - MIA vs. ATL",W,34:56:00,16,6,12,50,0,0,0,4,5,80,5,8,13,5,0,3,5,2,7,
"Feb 26, 2021 - MIA vs. UTA",W,34:13:00,19,7,14,50,0,0,0,5,5,100,2,9,11,7,1,1,3,3,5,
"Feb 24, 2021 - MIA vs. TOR",W,35:17:00,19,7,11,63.6,0,0,0,5,6,83.3,6,6,12,4,1,1,1,2,4,
"Feb 22, 2021 - MIA @ OKC",W,37:05:00,19,7,10,70,0,0,0,5,6,83.3,3,10,13,5,0,1,4,3,13,
"Feb 20, 2021 - MIA @ LAL",W,36:24:00,16,8,16,50,0,1,0,0,0,0,3,7,10,6,2,1,2,1,-8,
"Feb 18, 2021 - MIA @ SAC",W,35:32:00,16,6,13,46.2,0,0,0,4,4,100,3,9,12,10,0,0,4,2,18,
"Feb 17, 2021 - MIA @ GSW",L,33:37:00,24,10,16,62.5,0,0,0,4,5,80,2,3,5,7,0,2,3,5,-20,
"Feb 15, 2021 - MIA @ LAC",L,35:54:00,27,12,15,80,0,0,0,3,5,60,3,9,12,7,1,2,3,3,-5,
"Feb 13, 2021 - MIA @ UTA",L,36:49:00,14,7,17,41.2,0,0,0,0,0,0,2,8,10,6,2,0,1,0,-11,
"Feb 11, 2021 - MIA @ HOU",W,33:31:00,10,3,8,37.5,0,0,0,4,5,80,1,12,13,8,2,0,8,6,3,
"Feb 09, 2021 - MIA vs. NYK",W,35:27:00,19,3,9,33.3,0,0,0,13,16,81.3,4,2,6,2,2,2,3,0,-5,
"Feb 07, 2021 - MIA @ NYK",W,38:44:00,24,10,17,58.8,0,0,0,4,6,66.7,2,9,11,5,1,1,1,0,10,
"Feb 05, 2021 - MIA vs. WAS",W,27:41:00,21,5,10,50,0,0,0,11,11,100,1,3,4,3,1,2,0,2,29,
"Feb 03, 2021 - MIA vs. WAS",L,34:55:00,17,8,15,53.3,0,0,0,1,2,50,2,9,11,6,2,1,3,5,2,
"Feb 01, 2021 - MIA vs. CHA",L,38:56:00,23,10,15,66.7,0,0,0,3,4,75,3,6,9,2,0,3,1,6,-2,
"Jan 30, 2021 - MIA vs. SAC",W,35:47:00,18,7,11,63.6,0,0,0,4,4,100,2,11,13,4,2,1,5,2,-1,
"Jan 28, 2021 - MIA vs. LAC",L,34:39:00,16,6,16,37.5,0,1,0,4,4,100,3,10,13,7,1,0,1,1,-3,
"Jan 27, 2021 - MIA vs. DEN",L,33:31:00,15,6,13,46.2,0,1,0,3,4,75,2,5,7,6,0,0,3,0,-23,
"Aug 12, 2020 - MIA @ OKC",L,16:19,6,3,5,60,0,0,0,0,0,0,0,2,2,4,0,0,1,3,5,
"Aug 10, 2020 - MIA vs. IND",W,22:18,10,4,10,40,0,0,0,2,4,50,2,7,9,4,0,3,2,0,16,
"Aug 08, 2020 - MIA vs. PHX",L,30:24:00,18,6,13,46.2,0,0,0,6,6,100,1,6,7,9,1,3,5,2,5,
"Aug 06, 2020 - MIA @ MIL",L,21:57,6,2,10,20,1,1,100,1,2,50,1,4,5,6,1,0,4,5,-21,
"Aug 04, 2020 - MIA vs. BOS",W,31:41:00,21,5,12,41.7,0,0,0,11,18,61.1,3,9,12,2,1,1,1,3,11,
"Aug 03, 2020 - MIA vs. TOR",L,31:39:00,10,5,9,55.6,0,0,0,0,0,0,1,7,8,4,1,1,2,2,2,
"Aug 01, 2020 - MIA @ DEN",W,28:19:00,22,7,12,58.3,0,0,0,8,10,80,3,6,9,6,0,0,4,3,19,
"Mar 11, 2020 - MIA vs. CHA",L,34:14:00,21,10,15,66.7,0,0,0,1,2,50,3,4,7,10,0,0,3,3,-10,
"Mar 08, 2020 - MIA @ WAS",W,33:16:00,27,9,13,69.2,0,0,0,9,12,75,2,12,14,6,0,1,5,4,22,
"Mar 06, 2020 - MIA @ NOP",L,36:11:00,9,4,10,40,0,0,0,1,2,50,4,8,12,4,3,4,4,6,-9,
"Mar 04, 2020 - MIA vs. ORL",W,30:54:00,10,5,9,55.6,0,0,0,0,0,0,2,5,7,4,0,1,2,1,-8,
"Mar 02, 2020 - MIA vs. MIL",W,37:02:00,14,5,16,31.3,0,0,0,4,6,66.7,2,11,13,5,1,3,5,1,13,
"Feb 29, 2020 - MIA vs. BKN",W,32:15:00,16,7,12,58.3,0,0,0,2,2,100,2,10,12,3,0,3,1,1,2,
"Feb 28, 2020 - MIA vs. DAL",W,29:15:00,14,3,10,30,0,0,0,8,10,80,2,9,11,3,0,1,1,2,-12,
"Feb 26, 2020 - MIA vs. MIN",L,33:12:00,22,6,13,46.2,0,1,0,10,15,66.7,1,9,10,7,0,2,4,5,4,
"Feb 24, 2020 - MIA @ CLE",L,40:58:00,22,9,15,60,0,0,0,4,5,80,1,12,13,9,3,4,6,5,7,
"Feb 22, 2020 - MIA vs. CLE",W,25:34:00,15,7,9,77.8,0,0,0,1,3,33.3,1,2,3,9,1,1,5,3,20,
"Feb 20, 2020 - MIA @ ATL",L,36:12:00,28,9,20,45,0,1,0,10,12,83.3,5,14,19,7,3,1,4,3,14,
"Feb 12, 2020 - MIA @ UTA",L,33:23:00,9,4,10,40,0,0,0,1,2,50,2,9,11,5,4,2,1,1,-23,
"Feb 10, 2020 - MIA @ GSW",W,26:48:00,13,5,8,62.5,0,0,0,3,6,50,3,8,11,7,2,0,1,2,-16,
"Feb 09, 2020 - MIA @ POR",L,35:06:00,13,6,14,42.9,0,0,0,1,2,50,5,7,12,7,0,3,3,4,-8,
"Feb 07, 2020 - MIA @ SAC",L,36:22:00,26,12,16,75,0,0,0,2,3,66.7,1,6,7,3,0,2,5,3,-5,
"Feb 05, 2020 - MIA @ LAC",L,39:35:00,22,9,15,60,0,0,0,4,7,57.1,4,7,11,6,2,0,2,0,-15,
"Feb 03, 2020 - MIA vs. PHI",W,35:23:00,18,8,15,53.3,0,0,0,2,2,100,3,5,8,11,1,0,0,2,29,
"Feb 01, 2020 - MIA @ ORL",W,38:10:00,4,1,8,12.5,0,0,0,2,4,50,3,11,14,5,3,4,2,1,14,
"Jan 28, 2020 - MIA vs. BOS",L,33:01:00,16,7,11,63.6,0,0,0,2,2,100,2,8,10,1,1,1,2,5,-4,
"Jan 27, 2020 - MIA vs. ORL",W,32:17:00,20,10,16,62.5,0,1,0,0,0,0,0,10,10,10,1,0,1,0,16,
"Jan 24, 2020 - MIA vs. LAC",L,38:12:00,18,6,10,60,0,0,0,6,7,85.7,3,5,8,9,0,1,4,1,14,
"Jan 22, 2020 - MIA vs. WAS",W,34:25:00,6,3,8,37.5,0,0,0,0,1,0,1,7,8,2,0,1,4,2,-4,
"Jan 20, 2020 - MIA vs. SAC",W,39:40:00,16,6,9,66.7,0,0,0,4,6,66.7,4,7,11,5,1,1,5,4,13,
"Jan 19, 2020 - MIA @ SAS",L,36:11:00,21,8,13,61.5,0,1,0,5,5,100,4,12,16,6,2,0,2,0,12,
"Jan 17, 2020 - MIA @ OKC",W,32:07:00,21,7,11,63.6,0,0,0,7,10,70,1,7,8,5,0,1,3,2,-1,
"Jan 15, 2020 - MIA vs. SAS",W,35:57:00,14,6,15,40,0,0,0,2,4,50,4,9,13,7,0,2,0,0,0,
"Jan 12, 2020 - MIA @ NYK",L,37:15:00,15,5,7,71.4,0,0,0,5,6,83.3,2,4,6,5,0,0,5,4,-2,
"Jan 10, 2020 - MIA @ BKN",L,32:55:00,22,10,13,76.9,0,0,0,2,2,100,2,4,6,7,2,1,1,2,-16,
"Jan 08, 2020 - MIA @ IND",W,28:47:00,18,8,11,72.7,0,0,0,2,3,66.7,0,9,9,4,0,1,0,1,31,
"Jan 05, 2020 - MIA vs. POR",W,35:32:00,20,9,10,90,0,0,0,2,6,33.3,4,4,8,6,1,1,3,3,9,
"Jan 03, 2020 - MIA @ ORL",L,34:48:00,14,5,8,62.5,0,0,0,4,5,80,5,5,10,1,1,2,2,1,-5,
"Jan 02, 2020 - MIA vs. TOR",W,35:27:00,15,7,8,87.5,0,0,0,1,2,50,2,12,14,2,0,1,4,4,9,
"Dec 30, 2019 - MIA @ WAS",L,35:46:00,14,6,11,54.5,0,0,0,2,3,66.7,3,11,14,5,0,0,6,4,-23,
"Dec 28, 2019 - MIA vs. PHI",W,39:38:00,11,5,14,35.7,0,0,0,1,2,50,0,3,3,2,1,1,0,3,-7,
"Dec 27, 2019 - MIA vs. IND",W,35:59:00,18,8,10,80,0,0,0,2,2,100,6,9,15,6,0,0,1,0,2,
"Dec 23, 2019 - MIA vs. UTA",W,38:06:00,18,5,14,35.7,0,0,0,8,10,80,5,8,13,6,3,3,2,2,-6,
"Dec 20, 2019 - MIA vs. NYK",W,30:03:00,20,6,9,66.7,0,0,0,8,8,100,1,7,8,3,1,0,4,2,22,
"Dec 18, 2019 - MIA @ PHI",W,33:34:00,23,9,16,56.3,0,0,0,5,6,83.3,3,6,9,5,2,2,3,2,2,
"Dec 16, 2019 - MIA @ MEM",L,43:27:00,14,4,12,33.3,0,1,0,6,8,75,0,13,13,5,3,3,4,5,-3,
"Dec 14, 2019 - MIA @ DAL",W,37:30:00,18,7,12,58.3,0,0,0,4,7,57.1,2,9,11,10,2,2,1,4,15,
"Dec 13, 2019 - MIA vs. LAL",L,35:21:00,12,5,11,45.5,0,0,0,2,5,40,4,8,12,5,0,1,2,2,-8,
"Dec 10, 2019 - MIA vs. ATL",W,43:30:00,30,13,18,72.2,0,1,0,4,5,80,4,7,11,11,2,0,4,5,26,
"Dec 08, 2019 - MIA vs. CHI",W,40:55:00,21,7,9,77.8,0,1,0,7,9,77.8,4,9,13,6,3,1,7,4,9,
"Apr 10, 2019 - MIA @ BKN",L,18:19,10,4,7,57.1,1,2,50,1,1,100,0,6,6,0,1,0,2,0,-10,
"Apr 09, 2019 - MIA vs. PHI",W,22:28,19,8,11,72.7,0,0,0,3,5,60,1,8,9,2,1,2,0,0,16,
"Apr 07, 2019 - MIA @ TOR",L,31:10:00,7,2,7,28.6,0,0,0,3,4,75,3,10,13,2,1,0,3,3,-13,
"Apr 05, 2019 - MIA @ MIN",L,32:08:00,8,4,6,66.7,0,0,0,0,0,0,1,3,4,0,4,0,1,3,-7,
"Apr 03, 2019 - MIA vs. BOS",L,26:10:00,12,5,9,55.6,0,1,0,2,2,100,5,7,12,4,1,2,1,3,-5,
"Apr 01, 2019 - MIA @ BOS",L,30:40:00,19,8,12,66.7,1,1,100,2,2,100,4,10,14,2,0,2,0,3,-2,
"Mar 30, 2019 - MIA @ NYK",W,27:20:00,8,4,6,66.7,0,0,0,0,0,0,1,5,6,2,2,0,1,2,6,
"Mar 28, 2019 - MIA vs. DAL",W,29:23:00,11,5,9,55.6,0,0,0,1,2,50,3,13,16,3,0,0,2,2,9,
"Mar 26, 2019 - MIA vs. ORL",L,30:20:00,9,4,9,44.4,0,0,0,1,2,50,3,8,11,3,2,0,1,3,2,
"Mar 23, 2019 - MIA @ WAS",W,35:05:00,16,6,11,54.5,0,1,0,4,4,100,1,10,11,8,0,4,5,1,16,
"Mar 22, 2019 - MIA @ MIL",L,18:10,12,5,10,50,0,0,0,2,4,50,2,5,7,2,1,0,0,1,0,
"Mar 20, 2019 - MIA @ SAS",W,28:57:00,6,3,4,75,0,0,0,0,0,0,2,13,15,5,2,0,2,1,13,
"Mar 18, 2019 - MIA @ OKC",W,29:41:00,8,4,9,44.4,0,0,0,0,0,0,2,5,7,4,2,1,4,3,-11,
"Mar 17, 2019 - MIA vs. CHA",W,30:50:00,16,7,10,70,0,0,0,2,4,50,2,7,9,1,2,1,2,3,18,
"Mar 15, 2019 - MIA vs. MIL",L,29:21:00,10,4,8,50,0,0,0,2,3,66.7,2,9,11,5,1,1,3,3,-10,
"Mar 13, 2019 - MIA vs. DET",W,16:57,10,3,3,100,0,0,0,4,4,100,1,4,5,1,0,0,1,4,22,
"Mar 10, 2019 - MIA vs. TOR",L,27:28:00,19,8,11,72.7,0,0,0,3,3,100,3,3,6,5,2,0,1,2,-12,
"Mar 08, 2019 - MIA vs. CLE",W,24:47:00,17,7,8,87.5,0,0,0,3,4,75,3,4,7,2,0,1,1,1,9,
"Mar 06, 2019 - MIA @ CHA",W,25:23:00,10,5,6,83.3,0,0,0,0,0,0,1,4,5,0,2,2,5,2,2,
"Mar 04, 2019 - MIA vs. ATL",W,20:10,9,3,6,50,0,1,0,3,3,100,1,5,6,3,0,0,2,5,-2,
"Mar 02, 2019 - MIA vs. BKN",W,28:12:00,9,3,8,37.5,0,0,0,3,4,75,4,12,16,6,0,2,0,3,23,
"Feb 28, 2019 - MIA @ HOU",L,29:06:00,10,3,6,50,0,0,0,4,4,100,2,1,3,5,1,2,1,4,-13,
"Feb 27, 2019 - MIA vs. GSW",W,31:53:00,11,3,5,60,0,0,0,5,9,55.6,0,10,10,4,0,2,1,3,-6,
"Feb 25, 2019 - MIA vs. PHX",L,21:20,14,4,7,57.1,0,0,0,6,7,85.7,3,6,9,1,2,1,0,1,-3,
"Feb 23, 2019 - MIA vs. DET",L,14:00,4,1,2,50,0,0,0,2,2,100,0,3,3,2,0,0,2,3,-10,
"Feb 21, 2019 - MIA @ PHI",L,16:53,6,3,4,75,0,0,0,0,0,0,0,2,2,2,2,0,0,4,10,
"Feb 13, 2019 - MIA @ DAL",W,25:58:00,10,3,4,75,0,0,0,4,4,100,3,3,6,3,1,0,4,0,7,
"Feb 11, 2019 - MIA @ DEN",L,18:40,2,1,4,25,0,0,0,0,0,0,1,4,5,1,1,0,1,1,-6,
"Feb 10, 2019 - MIA @ GSW",L,25:13:00,8,4,6,66.7,0,0,0,0,0,0,4,7,11,3,1,2,2,4,-10,
"Feb 08, 2019 - MIA @ SAC",L,19:43,2,1,3,33.3,0,0,0,0,3,0,2,4,6,1,1,0,2,4,-8,
"Feb 05, 2019 - MIA @ POR",W,17:59,5,2,3,66.7,0,0,0,1,2,50,1,3,4,0,1,0,0,0,-6,
"Feb 02, 2019 - MIA vs. IND",L,16:44,5,1,2,50,0,0,0,3,4,75,0,4,4,0,1,0,1,5,11,
"Feb 01, 2019 - MIA vs. OKC",L,24:51:00,10,4,5,80,0,0,0,2,3,66.7,2,7,9,2,0,0,0,2,0,
"Jan 30, 2019 - MIA vs. CHI",L,32:49:00,13,5,7,71.4,0,0,0,3,5,60,1,6,7,2,0,0,4,2,-4,
"Jan 27, 2019 - MIA @ NYK",W,18:56,9,3,7,42.9,0,1,0,3,3,100,2,4,6,1,1,0,1,1,-15,
"Jan 25, 2019 - MIA @ CLE",W,25:38:00,8,2,4,50,0,0,0,4,6,66.7,3,5,8,1,2,0,2,3,-13,
"Jan 23, 2019 - MIA vs. LAC",L,15:32,8,4,5,80,0,0,0,0,0,0,3,4,7,0,0,0,1,5,-5,
"Jan 21, 2019 - MIA @ BOS",L,27:42:00,13,4,6,66.7,0,0,0,5,6,83.3,1,6,7,2,1,2,3,3,0,
"Jan 19, 2019 - MIA @ CHI",W,22:41,5,2,3,66.7,0,0,0,1,2,50,0,1,1,3,1,2,2,1,1,
"Jan 18, 2019 - MIA @ DET",L,26:25:00,9,4,4,100,0,0,0,1,1,100,1,5,6,1,0,1,2,2,-4,
"Jan 15, 2019 - MIA @ MIL",L,23:20,2,0,6,0,0,2,0,2,2,100,2,3,5,2,0,0,2,2,-32,
"Jan 12, 2019 - MIA vs. MEM",W,37:58:00,11,3,6,50,0,0,0,5,7,71.4,4,6,10,2,2,1,3,1,18,
"Jan 10, 2019 - MIA vs. BOS",W,26:41:00,8,3,5,60,0,0,0,2,2,100,1,6,7,5,2,2,0,1,9,
"Jan 08, 2019 - MIA vs. DEN",L,24:09:00,13,6,7,85.7,0,0,0,1,2,50,1,3,4,1,1,0,0,0,4,
"Jan 06, 2019 - MIA @ ATL",L,26:53:00,12,5,9,55.6,0,0,0,2,2,100,4,2,6,2,2,2,1,3,1,
"Jan 04, 2019 - MIA vs. WAS",W,18:28,11,4,7,57.1,0,0,0,3,4,75,3,4,7,5,1,1,1,3,1,
"Jan 02, 2019 - MIA @ CLE",W,24:34:00,8,4,5,80,0,1,0,0,0,0,0,5,5,5,1,0,3,3,15,
"Dec 30, 2018 - MIA vs. MIN",L,17:54,4,1,3,33.3,0,0,0,2,2,100,2,2,4,0,0,0,2,4,-12,
"Dec 28, 2018 - MIA vs. CLE",W,30:09:00,18,8,8,100,0,0,0,2,2,100,4,5,9,5,0,0,1,4,15,
"Dec 26, 2018 - MIA vs. TOR",L,17:17,2,1,3,33.3,0,0,0,0,0,0,0,3,3,0,0,0,0,3,-24,
"Apr 11, 2018 - MIA vs. TOR",W,18:17,10,4,4,100,0,0,0,2,2,100,2,2,4,1,0,1,0,1,16,
"Apr 09, 2018 - MIA vs. OKC",L,13:21,6,1,3,33.3,0,0,0,4,4,100,1,3,4,0,0,0,0,1,0,
"Apr 06, 2018 - MIA @ NYK",L,12:23,4,2,4,50,0,0,0,0,0,0,1,3,4,0,0,0,2,1,-2,
"Apr 04, 2018 - MIA @ ATL",W,19:46,4,1,6,16.7,0,0,0,2,2,100,2,8,10,2,3,1,3,1,26,
"Mar 29, 2018 - MIA vs. CHI",W,11:32,3,1,2,50,0,0,0,1,2,50,0,0,0,0,0,0,0,1,10,
"Mar 25, 2018 - MIA @ IND",L,20:55,14,5,7,71.4,0,0,0,4,4,100,2,3,5,0,0,1,3,5,-2,
"Mar 23, 2018 - MIA @ OKC",L,20:46,0,0,5,0,0,0,0,0,0,0,2,5,7,1,0,0,1,1,-6,
"Mar 21, 2018 - MIA vs. NYK",W,13:17,6,3,4,75,0,0,0,0,0,0,1,1,2,0,0,0,1,2,-8,
"Mar 19, 2018 - MIA vs. DEN",W,27:01:00,7,3,9,33.3,0,0,0,1,6,16.7,4,4,8,3,0,0,2,2,-17,
"Mar 16, 2018 - MIA @ LAL",W,34:44:00,11,5,10,50,0,0,0,1,3,33.3,5,3,8,2,0,0,0,3,0,
"Mar 14, 2018 - MIA @ SAC",L,27:19:00,6,2,9,22.2,0,0,0,2,2,100,4,12,16,3,0,0,0,3,-9,
"Mar 12, 2018 - MIA @ POR",L,24:40:00,4,1,10,10,0,0,0,2,2,100,4,5,9,3,1,1,3,4,-8,
"Mar 10, 2018 - MIA vs. WAS",W,17:42,6,3,5,60,0,0,0,0,2,0,2,6,8,1,0,0,2,4,19,
"Mar 08, 2018 - MIA vs. PHI",W,13:35,2,1,5,20,0,1,0,0,0,0,1,3,4,0,0,0,0,2,9,
"Mar 06, 2018 - MIA @ WAS",L,3:47,0,0,1,0,0,0,0,0,0,0,0,2,2,0,0,0,0,0,-1,
"Mar 05, 2018 - MIA vs. PHX",W,4:38,2,0,0,0,0,0,0,2,2,100,0,1,1,0,0,0,0,0,-6,
"Mar 01, 2018 - MIA vs. LAL",L,29:32:00,15,6,7,85.7,0,0,0,3,4,75,4,6,10,1,0,2,1,1,5,
"Feb 27, 2018 - MIA vs. PHI",W,6:52,1,0,2,0,0,0,0,1,2,50,1,3,4,0,0,2,1,0,-17,
"Feb 24, 2018 - MIA vs. MEM",W,18:20,13,5,7,71.4,0,0,0,3,4,75,2,5,7,1,1,0,0,1,24,
"Feb 23, 2018 - MIA @ NOP",L,18:57,6,2,2,100,0,0,0,2,4,50,0,8,8,2,0,0,1,4,2,
"Feb 14, 2018 - MIA @ PHI",L,19:22,3,0,3,0,0,0,0,3,4,75,0,2,2,1,0,0,0,0,-12,
"Feb 13, 2018 - MIA @ TOR",L,25:10:00,11,3,6,50,0,0,0,5,5,100,1,4,5,3,0,1,2,3,7,
"Feb 09, 2018 - MIA vs. MIL",W,32:22:00,15,3,7,42.9,0,0,0,9,10,90,1,9,10,3,0,2,2,4,-4,
"Feb 07, 2018 - MIA vs. HOU",L,15:02,5,2,2,100,0,0,0,1,1,100,2,3,5,2,0,2,1,2,-11,
"Feb 05, 2018 - MIA vs. ORL",L,26:16:00,18,6,13,46.2,0,2,0,6,8,75,2,8,10,1,1,2,0,2,-7,
"Feb 03, 2018 - MIA @ DET",L,23:37,4,2,5,40,0,0,0,0,2,0,1,4,5,0,0,1,0,2,-11,
"Feb 02, 2018 - MIA @ PHI",L,29:11:00,15,5,9,55.6,0,0,0,5,10,50,5,8,13,6,0,0,0,4,9,
"Jan 31, 2018 - MIA @ CLE",L,18:34,9,3,5,60,0,0,0,3,5,60,1,4,5,1,0,0,3,0,-2,
"Jan 29, 2018 - MIA @ DAL",W,19:08,2,1,3,33.3,0,0,0,0,0,0,2,3,5,4,1,1,2,1,0,
"Jan 27, 2018 - MIA vs. CHA",W,25:38:00,8,4,6,66.7,0,0,0,0,0,0,2,10,12,0,1,1,1,1,13,
"Jan 25, 2018 - MIA vs. SAC",L,20:33,6,2,4,50,0,0,0,2,2,100,0,1,1,2,1,1,0,3,10,
"Jan 22, 2018 - MIA @ HOU",L,17:18,7,3,4,75,0,0,0,1,2,50,1,4,5,2,0,0,0,1,-1,
"Jan 20, 2018 - MIA @ CHA",W,23:33,6,3,4,75,0,0,0,0,0,0,2,3,5,5,2,1,1,1,8,
"Jan 19, 2018 - MIA @ BKN",L,14:18,9,3,5,60,0,0,0,3,4,75,1,2,3,2,0,0,1,3,0,
"Jan 17, 2018 - MIA @ MIL",W,18:49,4,2,6,33.3,0,0,0,0,0,0,3,3,6,5,1,0,2,4,-2,
"Jan 15, 2018 - MIA @ CHI",L,18:44,6,2,5,40,0,1,0,2,2,100,2,3,5,0,1,0,1,1,10,
"Jan 14, 2018 - MIA vs. MIL",W,27:51:00,6,2,6,33.3,0,0,0,2,2,100,0,4,4,6,0,0,1,4,10,
"Jan 10, 2018 - MIA @ IND",W,31:11:00,15,4,9,44.4,0,1,0,7,9,77.8,0,2,2,5,1,0,1,2,-9,
"Jan 09, 2018 - MIA @ TOR",W,32:33:00,16,8,14,57.1,0,1,0,0,0,0,5,10,15,3,0,5,0,3,9,
"Jan 07, 2018 - MIA vs. UTA",W,7:18,4,1,1,100,0,0,0,2,3,66.7,1,1,2,0,0,0,1,1,-2,
"Jan 05, 2018 - MIA vs. NYK",W,14:53,2,0,0,0,0,0,0,2,2,100,1,6,7,2,0,0,1,0,-5,
"Jan 03, 2018 - MIA vs. DET",W,10:14,0,0,4,0,0,0,0,0,0,0,1,2,3,1,0,0,1,0,-5,
"Dec 30, 2017 - MIA @ ORL",W,15:52,6,3,5,60,0,0,0,0,0,0,1,2,3,0,0,0,1,4,-7,
"Dec 29, 2017 - MIA vs. BKN",L,27:46:00,7,2,5,40,0,0,0,3,5,60,2,3,5,1,1,0,2,2,-21,
"Dec 26, 2017 - MIA vs. ORL",W,25:28:00,8,3,4,75,0,0,0,2,2,100,3,6,9,4,1,1,1,2,24,
"Dec 23, 2017 - MIA vs. NOP",L,30:20:00,9,4,7,57.1,0,1,0,1,2,50,3,4,7,4,0,1,1,2,-17,
"Dec 22, 2017 - MIA vs. DAL",W,37:29:00,14,6,9,66.7,0,0,0,2,2,100,1,7,8,5,1,0,1,3,28,
"Dec 20, 2017 - MIA @ BOS",W,20:28,6,3,6,50,0,0,0,0,1,0,0,5,5,0,0,0,1,1,5,
"Dec 18, 2017 - MIA @ ATL",L,30:28:00,11,3,6,50,0,0,0,5,7,71.4,4,6,10,1,1,2,3,4,-1,
"Dec 16, 2017 - MIA vs. LAC",W,28:14:00,7,2,7,28.6,0,0,0,3,4,75,4,1,5,3,0,0,0,3,-5,